2026-04-21 10:12:59,929 [INFO] No checkpoint found at programs/simba_all2_gepa.json; training from uninitialized module.
2026/04/21 10:12:59 INFO dspy.teleprompt.simba: Starting batch 1 of 8.
2026/04/21 10:12:59 INFO dspy.teleprompt.simba: Sampling program trajectories on 8 examples x 6 samples.
  0% 0/48 [00:00<?, ?it/s]2026-04-21 10:13:10,774 [INFO] Loading MeTTa library from /content/PeTTaChainer/pettachainer/metta/petta_chainer.metta
Not specialized DistMap2Formula_Spec_[+]/4
Not specialized DistMapFormula_Spec_[partial(lambda_12,[_57688])]/3
2026-04-21 10:13:17,980 [INFO] Loading MeTTa library from /content/PeTTaChainer/pettachainer/metta/petta_chainer.metta
Not specialized DistMap2Formula_Spec_[+]/4
Not specialized DistMapFormula_Spec_[partial(lambda_12,[_57688])]/3
Processed 1 / 48 examples:   2% 1/48 [00:23<18:07, 23.14s/it]2026-04-21 10:13:41,205 [INFO] Loading MeTTa library from /content/PeTTaChainer/pettachainer/metta/petta_chainer.metta
Not specialized DistMap2Formula_Spec_[+]/4
Not specialized DistMapFormula_Spec_[partial(lambda_12,[_57688])]/3
Processed 2 / 48 examples:   4% 2/48 [00:53<20:54, 27.27s/it]2026-04-21 10:14:48,011 [INFO] Loading MeTTa library from /content/PeTTaChainer/pettachainer/metta/petta_chainer.metta
Not specialized DistMap2Formula_Spec_[+]/4
Not specialized DistMapFormula_Spec_[partial(lambda_12,[_57688])]/3
Processed 4 / 48 examples:   8% 4/48 [01:59<20:04, 27.38s/it]2026-04-21 10:15:19,544 [INFO] Loading MeTTa library from /content/PeTTaChainer/pettachainer/metta/petta_chainer.metta
Not specialized DistMap2Formula_Spec_[+]/4
Not specialized DistMapFormula_Spec_[partial(lambda_12,[_57688])]/3
2026-04-21 10:15:28,028 [INFO] Loading MeTTa library from /content/PeTTaChainer/pettachainer/metta/petta_chainer.metta
Not specialized DistMap2Formula_Spec_[+]/4
Not specialized DistMapFormula_Spec_[partial(lambda_12,[_57688])]/3
Processed 10 / 48 examples:  21% 10/48 [04:33<12:15, 19.37s/it]2026-04-21 10:18:45,824 [INFO] Loading MeTTa library from /content/PeTTaChainer/pettachainer/metta/petta_chainer.metta
Processed 12 / 48 examples:  25% 12/48 [05:48<15:16, 25.46s/it]2026-04-21 10:19:30,223 [INFO] Loading MeTTa library from /content/PeTTaChainer/pettachainer/metta/petta_chainer.metta
Not specialized DistMap2Formula_Spec_[+]/4
Not specialized DistMapFormula_Spec_[partial(lambda_12,[_57688])]/3
2026-04-21 10:19:38,838 [INFO] Loading MeTTa library from /content/PeTTaChainer/pettachainer/metta/petta_chainer.metta
Not specialized DistMap2Formula_Spec_[+]/4
Not specialized DistMapFormula_Spec_[partial(lambda_12,[_57688])]/3
2026-04-21 10:20:41,713 [INFO] Loading MeTTa library from /content/PeTTaChainer/pettachainer/metta/petta_chainer.metta
Not specialized DistMap2Formula_Spec_[+]/4
Not specialized DistMapFormula_Spec_[partial(lambda_12,[_57688])]/3
Processed 13 / 48 examples:  27% 13/48 [07:53<32:23, 55.52s/it]2026-04-21 10:20:56,250 [INFO] Loading MeTTa library from /content/PeTTaChainer/pettachainer/metta/petta_chainer.metta
Not specialized DistMap2Formula_Spec_[+]/4
Not specialized DistMapFormula_Spec_[partial(lambda_12,[_57688])]/3
2026-04-21 10:21:06,622 [INFO] Loading MeTTa library from /content/PeTTaChainer/pettachainer/metta/petta_chainer.metta
Not specialized DistMap2Formula_Spec_[+]/4
Not specialized DistMapFormula_Spec_[partial(lambda_12,[_57688])]/3
Processed 14 / 48 examples:  29% 14/48 [08:07<24:25, 43.11s/it]2026-04-21 10:21:10,706 [INFO] Loading MeTTa library from /content/PeTTaChainer/pettachainer/metta/petta_chainer.metta
Not specialized DistMap2Formula_Spec_[+]/4
Not specialized DistMapFormula_Spec_[partial(lambda_12,[_57688])]/3
Processed 16 / 48 examples:  33% 16/48 [08:29<13:54, 26.06s/it]2026-04-21 10:21:37,388 [INFO] Loading MeTTa library from /content/PeTTaChainer/pettachainer/metta/petta_chainer.metta
Not specialized DistMap2Formula_Spec_[+]/4
Not specialized DistMapFormula_Spec_[partial(lambda_12,[_57688])]/3
Processed 17 / 48 examples:  35% 17/48 [08:43<11:41, 22.62s/it]2026-04-21 10:21:52,451 [INFO] Loading MeTTa library from /content/PeTTaChainer/pettachainer/metta/petta_chainer.metta
Not specialized DistMap2Formula_Spec_[+]/4
Not specialized DistMapFormula_Spec_[partial(lambda_12,[_57688])]/3
Processed 18 / 48 examples:  38% 18/48 [09:06<11:22, 22.76s/it]2026-04-21 10:22:34,830 [INFO] Loading MeTTa library from /content/PeTTaChainer/pettachainer/metta/petta_chainer.metta
Not specialized DistMap2Formula_Spec_[+]/4
Not specialized DistMapFormula_Spec_[partial(lambda_12,[_57688])]/3
2026-04-21 10:22:42,557 [INFO] Loading MeTTa library from /content/PeTTaChainer/pettachainer/metta/petta_chainer.metta
Not specialized DistMap2Formula_Spec_[+]/4
Not specialized DistMapFormula_Spec_[partial(lambda_12,[_57688])]/3
2026-04-21 10:22:50,743 [INFO] Loading MeTTa library from /content/PeTTaChainer/pettachainer/metta/petta_chainer.metta
Not specialized DistMap2Formula_Spec_[+]/4
Not specialized DistMapFormula_Spec_[partial(lambda_12,[_57688])]/3
2026-04-21 10:23:11,351 [INFO] Loading MeTTa library from /content/PeTTaChainer/pettachainer/metta/petta_chainer.metta
Not specialized DistMap2Formula_Spec_[+]/4
Not specialized DistMapFormula_Spec_[partial(lambda_12,[_57688])]/3
Processed 19 / 48 examples:  40% 19/48 [10:59<23:58, 49.60s/it]2026-04-21 10:24:40,630 [INFO] Loading MeTTa library from /content/PeTTaChainer/pettachainer/metta/petta_chainer.metta
Not specialized DistMap2Formula_Spec_[+]/4
Not specialized DistMapFormula_Spec_[partial(lambda_12,[_57688])]/3
2026-04-21 10:24:48,499 [INFO] Loading MeTTa library from /content/PeTTaChainer/pettachainer/metta/petta_chainer.metta
Not specialized DistMap2Formula_Spec_[+]/4
Not specialized DistMapFormula_Spec_[partial(lambda_12,[_57688])]/3
Processed 21 / 48 examples:  44% 21/48 [12:42<20:44, 46.10s/it]2026-04-21 10:26:08,521 [INFO] Loading MeTTa library from /content/PeTTaChainer/pettachainer/metta/petta_chainer.metta
Not specialized DistMap2Formula_Spec_[+]/4
Not specialized DistMapFormula_Spec_[partial(lambda_12,[_57688])]/3
2026-04-21 10:26:26,594 [INFO] Loading MeTTa library from /content/PeTTaChainer/pettachainer/metta/petta_chainer.metta
Not specialized DistMap2Formula_Spec_[+]/4
Not specialized DistMapFormula_Spec_[partial(lambda_12,[_57688])]/3
2026-04-21 10:26:34,897 [INFO] Loading MeTTa library from /content/PeTTaChainer/pettachainer/metta/petta_chainer.metta
Not specialized DistMap2Formula_Spec_[+]/4
Not specialized DistMapFormula_Spec_[partial(lambda_12,[_57688])]/3
2026-04-21 10:26:43,435 [INFO] Loading MeTTa library from /content/PeTTaChainer/pettachainer/metta/petta_chainer.metta
Not specialized DistMap2Formula_Spec_[+]/4
Not specialized DistMapFormula_Spec_[partial(lambda_12,[_57688])]/3
Processed 22 / 48 examples:  46% 22/48 [13:46<22:18, 51.47s/it]2026-04-21 10:27:40,560 [INFO] Loading MeTTa library from /content/PeTTaChainer/pettachainer/metta/petta_chainer.metta
Not specialized DistMap2Formula_Spec_[+]/4
Not specialized DistMapFormula_Spec_[partial(lambda_12,[_57688])]/3
Processed 23 / 48 examples:  48% 23/48 [15:13<25:52, 62.10s/it]2026-04-21 10:28:33,338 [INFO] Loading MeTTa library from /content/PeTTaChainer/pettachainer/metta/petta_chainer.metta
Not specialized DistMap2Formula_Spec_[+]/4
Not specialized DistMapFormula_Spec_[partial(lambda_12,[_57688])]/3
Processed 27 / 48 examples:  56% 27/48 [16:28<08:51, 25.29s/it]2026-04-21 10:30:38,322 [INFO] Loading MeTTa library from /content/PeTTaChainer/pettachainer/metta/petta_chainer.metta
Not specialized DistMap2Formula_Spec_[+]/4
Not specialized DistMapFormula_Spec_[partial(lambda_12,[_57688])]/3
Processed 31 / 48 examples:  65% 31/48 [19:02<07:23, 26.08s/it]2026-04-21 10:32:26,661 [INFO] Loading MeTTa library from /content/PeTTaChainer/pettachainer/metta/petta_chainer.metta
Processed 32 / 48 examples:  67% 32/48 [19:27<06:48, 25.52s/it]2026-04-21 10:32:28,197 [INFO] Loading MeTTa library from /content/PeTTaChainer/pettachainer/metta/petta_chainer.metta
Not specialized DistMap2Formula_Spec_[+]/4
Not specialized DistMapFormula_Spec_[partial(lambda_12,[_57688])]/3
Processed 33 / 48 examples:  69% 33/48 [19:29<04:36, 18.44s/it]2026-04-21 10:32:58,362 [INFO] Loading MeTTa library from /content/PeTTaChainer/pettachainer/metta/petta_chainer.metta
Not specialized DistMap2Formula_Spec_[+]/4
Not specialized DistMapFormula_Spec_[partial(lambda_12,[_57688])]/3
Processed 34 / 48 examples:  71% 34/48 [20:17<06:25, 27.52s/it]2026-04-21 10:33:35,396 [INFO] Loading MeTTa library from /content/PeTTaChainer/pettachainer/metta/petta_chainer.metta
Not specialized DistMap2Formula_Spec_[+]/4
Not specialized DistMapFormula_Spec_[partial(lambda_12,[_57688])]/3
2026-04-21 10:33:42,773 [INFO] Loading MeTTa library from /content/PeTTaChainer/pettachainer/metta/petta_chainer.metta
Not specialized DistMap2Formula_Spec_[+]/4
Not specialized DistMapFormula_Spec_[partial(lambda_12,[_57688])]/3
2026-04-21 10:33:51,283 [INFO] Loading MeTTa library from /content/PeTTaChainer/pettachainer/metta/petta_chainer.metta
Not specialized DistMap2Formula_Spec_[+]/4
Not specialized DistMapFormula_Spec_[partial(lambda_12,[_57688])]/3
2026-04-21 10:34:03,472 [INFO] Loading MeTTa library from /content/PeTTaChainer/pettachainer/metta/petta_chainer.metta
Not specialized DistMap2Formula_Spec_[+]/4
Not specialized DistMapFormula_Spec_[partial(lambda_12,[_57688])]/3
Processed 35 / 48 examples:  73% 35/48 [21:31<08:58, 41.45s/it]2026-04-21 10:34:55,292 [INFO] Loading MeTTa library from /content/PeTTaChainer/pettachainer/metta/petta_chainer.metta
Not specialized DistMap2Formula_Spec_[+]/4
Not specialized DistMapFormula_Spec_[partial(lambda_12,[_57688])]/3
2026-04-21 10:35:03,863 [INFO] Loading MeTTa library from /content/PeTTaChainer/pettachainer/metta/petta_chainer.metta
Not specialized DistMap2Formula_Spec_[+]/4
Not specialized DistMapFormula_Spec_[partial(lambda_12,[_57688])]/3
Processed 37 / 48 examples:  77% 37/48 [23:14<08:10, 44.57s/it]2026-04-21 10:36:34,221 [INFO] Loading MeTTa library from /content/PeTTaChainer/pettachainer/metta/petta_chainer.metta
Not specialized DistMap2Formula_Spec_[+]/4
Not specialized DistMapFormula_Spec_[partial(lambda_12,[_57688])]/3
Processed 38 / 48 examples:  79% 38/48 [23:47<06:49, 41.00s/it]2026-04-21 10:36:57,562 [INFO] Loading MeTTa library from /content/PeTTaChainer/pettachainer/metta/petta_chainer.metta
Not specialized DistMap2Formula_Spec_[+]/4
Not specialized DistMapFormula_Spec_[partial(lambda_12,[_57688])]/3
2026-04-21 10:37:07,917 [INFO] Loading MeTTa library from /content/PeTTaChainer/pettachainer/metta/petta_chainer.metta
Not specialized DistMap2Formula_Spec_[+]/4
Not specialized DistMapFormula_Spec_[partial(lambda_12,[_57688])]/3
2026-04-21 10:37:15,559 [INFO] Loading MeTTa library from /content/PeTTaChainer/pettachainer/metta/petta_chainer.metta
Not specialized DistMap2Formula_Spec_[+]/4
Not specialized DistMapFormula_Spec_[partial(lambda_12,[_57688])]/3
2026-04-21 10:37:24,085 [INFO] Loading MeTTa library from /content/PeTTaChainer/pettachainer/metta/petta_chainer.metta
Not specialized DistMap2Formula_Spec_[+]/4
Not specialized DistMapFormula_Spec_[partial(lambda_12,[_57688])]/3
Processed 39 / 48 examples:  81% 39/48 [24:32<06:21, 42.35s/it]2026-04-21 10:37:50,401 [INFO] Loading MeTTa library from /content/PeTTaChainer/pettachainer/metta/petta_chainer.metta
Not specialized DistMap2Formula_Spec_[+]/4
Not specialized DistMapFormula_Spec_[partial(lambda_12,[_57688])]/3
Processed 40 / 48 examples:  83% 40/48 [24:56<04:53, 36.74s/it]2026-04-21 10:38:17,072 [INFO] Loading MeTTa library from /content/PeTTaChainer/pettachainer/metta/petta_chainer.metta
Not specialized DistMap2Formula_Spec_[+]/4
Not specialized DistMapFormula_Spec_[partial(lambda_12,[_57688])]/3
2026-04-21 10:38:33,821 [INFO] Loading MeTTa library from /content/PeTTaChainer/pettachainer/metta/petta_chainer.metta
Not specialized DistMap2Formula_Spec_[+]/4
Not specialized DistMapFormula_Spec_[partial(lambda_12,[_57688])]/3
2026-04-21 10:38:42,396 [INFO] Loading MeTTa library from /content/PeTTaChainer/pettachainer/metta/petta_chainer.metta
Not specialized DistMap2Formula_Spec_[+]/4
Not specialized DistMapFormula_Spec_[partial(lambda_12,[_57688])]/3
2026-04-21 10:38:51,059 [INFO] Loading MeTTa library from /content/PeTTaChainer/pettachainer/metta/petta_chainer.metta
Not specialized DistMap2Formula_Spec_[+]/4
Not specialized DistMapFormula_Spec_[partial(lambda_12,[_57688])]/3
Processed 42 / 48 examples:  88% 42/48 [26:26<03:57, 39.52s/it]2026-04-21 10:40:24,251 [INFO] Loading MeTTa library from /content/PeTTaChainer/pettachainer/metta/petta_chainer.metta
Not specialized DistMap2Formula_Spec_[+]/4
Not specialized DistMapFormula_Spec_[partial(lambda_12,[_57688])]/3
Processed 44 / 48 examples:  92% 44/48 [27:56<02:38, 39.59s/it]2026-04-21 10:41:02,729 [INFO] Loading MeTTa library from /content/PeTTaChainer/pettachainer/metta/petta_chainer.metta
Not specialized DistMap2Formula_Spec_[+]/4
Not specialized DistMapFormula_Spec_[partial(lambda_12,[_57688])]/3
2026-04-21 10:41:10,987 [INFO] Loading MeTTa library from /content/PeTTaChainer/pettachainer/metta/petta_chainer.metta
Not specialized DistMap2Formula_Spec_[+]/4
Not specialized DistMapFormula_Spec_[partial(lambda_12,[_57688])]/3
Processed 45 / 48 examples:  94% 45/48 [29:10<02:29, 49.99s/it]2026-04-21 10:42:12,632 [INFO] Loading MeTTa library from /content/PeTTaChainer/pettachainer/metta/petta_chainer.metta
Not specialized DistMap2Formula_Spec_[+]/4
Not specialized DistMapFormula_Spec_[partial(lambda_12,[_57688])]/3
2026-04-21 10:42:26,634 [INFO] Loading MeTTa library from /content/PeTTaChainer/pettachainer/metta/petta_chainer.metta
Not specialized DistMap2Formula_Spec_[+]/4
Not specialized DistMapFormula_Spec_[partial(lambda_12,[_57688])]/3
Processed 47 / 48 examples:  98% 47/48 [30:19<00:41, 41.73s/it]2026-04-21 10:43:25,918 [INFO] Loading MeTTa library from /content/PeTTaChainer/pettachainer/metta/petta_chainer.metta
Not specialized DistMap2Formula_Spec_[+]/4
Not specialized DistMapFormula_Spec_[partial(lambda_12,[_57688])]/3
Processed 47 / 48 examples: 100% 48/48 [30:27<00:00, 31.44s/it]2026-04-21 10:43:40,386 [INFO] Loading MeTTa library from /content/PeTTaChainer/pettachainer/metta/petta_chainer.metta
Not specialized DistMap2Formula_Spec_[+]/4
Not specialized DistMapFormula_Spec_[partial(lambda_12,[_57688])]/3
2026-04-21 10:43:48,715 [INFO] Loading MeTTa library from /content/PeTTaChainer/pettachainer/metta/petta_chainer.metta
Not specialized DistMap2Formula_Spec_[+]/4
Not specialized DistMapFormula_Spec_[partial(lambda_12,[_57688])]/3
2026-04-21 10:43:57,107 [INFO] Loading MeTTa library from /content/PeTTaChainer/pettachainer/metta/petta_chainer.metta
Not specialized DistMap2Formula_Spec_[+]/4
Not specialized DistMapFormula_Spec_[partial(lambda_12,[_57688])]/3
2026-04-21 10:44:05,137 [INFO] Loading MeTTa library from /content/PeTTaChainer/pettachainer/metta/petta_chainer.metta
Not specialized DistMap2Formula_Spec_[+]/4
Not specialized DistMapFormula_Spec_[partial(lambda_12,[_57688])]/3
2026-04-21 10:44:13,773 [INFO] Loading MeTTa library from /content/PeTTaChainer/pettachainer/metta/petta_chainer.metta
Not specialized DistMap2Formula_Spec_[+]/4
Not specialized DistMapFormula_Spec_[partial(lambda_12,[_57688])]/3
2026-04-21 10:44:21,454 [INFO] Loading MeTTa library from /content/PeTTaChainer/pettachainer/metta/petta_chainer.metta
Not specialized DistMap2Formula_Spec_[+]/4
Not specialized DistMapFormula_Spec_[partial(lambda_12,[_57688])]/3
2026-04-21 10:44:56,401 [INFO] Loading MeTTa library from /content/PeTTaChainer/pettachainer/metta/petta_chainer.metta
Not specialized DistMap2Formula_Spec_[+]/4
Not specialized DistMapFormula_Spec_[partial(lambda_12,[_57688])]/3
2026-04-21 10:45:04,877 [INFO] Loading MeTTa library from /content/PeTTaChainer/pettachainer/metta/petta_chainer.metta
Not specialized DistMap2Formula_Spec_[+]/4
Not specialized DistMapFormula_Spec_[partial(lambda_12,[_57688])]/3
2026-04-21 10:45:12,696 [INFO] Loading MeTTa library from /content/PeTTaChainer/pettachainer/metta/petta_chainer.metta
Not specialized DistMap2Formula_Spec_[+]/4
Not specialized DistMapFormula_Spec_[partial(lambda_12,[_57688])]/3
Processed 48 / 48 examples: : 49it [33:19, 40.80s/it]
2026/04/21 10:46:19 INFO dspy.teleprompt.simba: Batch 1: Baseline mini-batch score: 0.25152083333333336

2026/04/21 10:46:19 INFO dspy.teleprompt.simba: Batch 1: Processing bucket #1, with max score 1.0, max-to-min gap 0.999, and max-to-avg gap 0.3330000000000001.
2026/04/21 10:46:19 INFO dspy.teleprompt.simba: Batch 1: Invoking strategy: append_a_demo_
2026/04/21 10:46:19 INFO dspy.teleprompt.simba_utils: Added 1 demos (one each) across all predictors.
2026/04/21 10:46:19 INFO dspy.teleprompt.simba: 

2026/04/21 10:46:19 INFO dspy.teleprompt.simba: Batch 1: Processing bucket #2, with max score 0.97, max-to-min gap 0.969, and max-to-avg gap 0.34299999999999997.
2026/04/21 10:46:19 INFO dspy.teleprompt.simba: Batch 1: Invoking strategy: append_a_demo_
2026/04/21 10:46:19 INFO dspy.teleprompt.simba_utils: Added 1 demos (one each) across all predictors.
2026/04/21 10:46:19 INFO dspy.teleprompt.simba: 

2026/04/21 10:46:19 INFO dspy.teleprompt.simba: Batch 1: Processing bucket #3, with max score 0.575, max-to-min gap 0.571, and max-to-avg gap 0.40349999999999997.
2026/04/21 10:46:19 INFO dspy.teleprompt.simba: Batch 1: Invoking strategy: append_a_demo_
2026/04/21 10:46:19 INFO dspy.teleprompt.simba_utils: Added 1 demos (one each) across all predictors.
2026/04/21 10:46:19 INFO dspy.teleprompt.simba: 

2026/04/21 10:46:19 INFO dspy.teleprompt.simba: Batch 1: Processing bucket #4, with max score 0.44333333333333336, max-to-min gap 0.43333333333333335, and max-to-avg gap 0.3045.
2026/04/21 10:46:19 INFO dspy.teleprompt.simba: Batch 1: Invoking strategy: append_a_rule
2026/04/21 10:46:45 INFO dspy.teleprompt.simba_utils: Advice for nl2pln.predict: If the input is a declarative sentence listing a small finite set of entities, emit one fact per entity and keep the predicates exactly aligned with the context (`Cat`, `Cute`, `In`, `Park`, etc.). If a later question asks about the same entities, do not rely on raw facts alone—introduce a compact helper predicate that matches the question shape.

If the question contains words like `all`, `every`, or `for all`, do not put an `Implication` in the query field. Instead, create or query a single summary predicate such as `AllKnownCatsCute park1`, derived from all the known relevant facts in context. Query that summary predicate directly with an atomic pattern.

If the question contains `any`, `exists`, or `is there`, do not use `(And ...)` as the query. Make a single atomic witness predicate like `CuteCatInPark $c park1` and query that predicate, or query one atomic fact pattern that can serve as the witness.

If the question asks `at least N`, build a threshold predicate such as `AtLeast2CuteCatsInPark park1` from N distinct witnesses. Use variables and distinctness-aware premises if possible; avoid hardcoding only one specific pair of named constants unless the input truly contains only those entities.

When adding helper rules, make them directly answer the current question and reuse predicates already present in context. Avoid introducing unrelated rules, because they add noise without helping the proof.
2026/04/21 10:46:45 INFO dspy.teleprompt.simba: 

2026/04/21 10:46:45 INFO dspy.teleprompt.simba: Batch 1: Processing bucket #5, with max score 0.41, max-to-min gap 0.40599999999999997, and max-to-avg gap 0.252.
2026/04/21 10:46:45 INFO dspy.teleprompt.simba: Batch 1: Invoking strategy: append_a_rule
2026/04/21 10:47:08 INFO dspy.teleprompt.simba_utils: Advice for nl2pln.predict: If a sentence contains an exclusivity phrase like 'only Bob made it to the finish line' or 'among all the runners, only Bob ...', then represent that as an explicit negative fact for the other named candidate(s) you have in the same context, e.g. `(: aliceDidNotFinish (Not (MadeItToFinishLine Alice)) (STV 1.0 1.0))`, rather than inventing an identity rule such as `(...)->(SameAs $x Bob)` or `(...)->(IsBob $x)`. If the user question asks whether a specific person could have done the restricted action, then query the negated proposition itself, e.g. `(: $prf (Not (MadeItToFinishLine Alice)) $tv)`, instead of querying the positive claim. Keep the straightforward positive facts for named individuals, but when exclusivity is present, prefer explicit negation over positive surrogates.
2026/04/21 10:47:08 INFO dspy.teleprompt.simba: 

2026/04/21 10:47:08 INFO dspy.teleprompt.simba: Batch 1: Processing bucket #6, with max score 0.25, max-to-min gap 0.245, and max-to-avg gap 0.14800000000000002.
2026/04/21 10:47:08 INFO dspy.teleprompt.simba: Batch 1: Invoking strategy: append_a_demo_
2026/04/21 10:47:08 INFO dspy.teleprompt.simba_utils: Added 1 demos (one each) across all predictors.
2026/04/21 10:47:08 INFO dspy.teleprompt.simba: 

2026/04/21 10:47:08 INFO dspy.teleprompt.simba: Batch 1: Processing bucket #7, with max score 0.18, max-to-min gap 0.179, and max-to-avg gap 0.09299999999999999.
2026/04/21 10:47:08 INFO dspy.teleprompt.simba: Batch 1: Invoking strategy: append_a_rule
2026/04/21 10:47:30 INFO dspy.teleprompt.simba_utils: Advice for nl2pln.predict: If the input sentence contains habitual or repeated-time language like 'always', 'usually', 'often', or 'used to', then preserve that aspect explicitly in the statement predicate instead of flattening it into a simple one-time event. If the question asks about 'now', 'currently', or present probability, then do not query the past-action predicate directly; instead, query a present-state predicate such as SwimmingNow/IsSwimming, and if needed add a soft bridging rule from the habitual predicate to the present-state predicate with reduced confidence. Reuse predicate names consistently across statements and queries, and keep the query in the exact PLN light form `(: $var Predicate Args... $tv)` rather than inventing an unrelated predicate or a loosely matched event name.
2026/04/21 10:47:30 INFO dspy.teleprompt.simba: 

2026/04/21 10:47:30 INFO dspy.teleprompt.simba: Batch 1: Evaluating 7 programs on 8 examples.
Processed 1 / 56 examples:   2% 1/56 [00:08<07:52,  8.59s/it]2026-04-21 10:47:41,032 [INFO] Loading MeTTa library from /content/PeTTaChainer/pettachainer/metta/petta_chainer.metta
Not specialized DistMap2Formula_Spec_[+]/4
Not specialized DistMapFormula_Spec_[partial(lambda_12,[_57688])]/3
Processed 2 / 56 examples:   4% 2/56 [00:12<05:11,  5.77s/it]2026-04-21 10:48:06,938 [INFO] Loading MeTTa library from /content/PeTTaChainer/pettachainer/metta/petta_chainer.metta
Not specialized DistMap2Formula_Spec_[+]/4
Not specialized DistMapFormula_Spec_[partial(lambda_12,[_57688])]/3
2026-04-21 10:48:48,931 [INFO] Loading MeTTa library from /content/PeTTaChainer/pettachainer/metta/petta_chainer.metta
Not specialized DistMap2Formula_Spec_[+]/4
Not specialized DistMapFormula_Spec_[partial(lambda_12,[_57688])]/3
Processed 3 / 56 examples:   5% 3/56 [01:20<30:22, 34.39s/it]2026-04-21 10:48:57,357 [INFO] Loading MeTTa library from /content/PeTTaChainer/pettachainer/metta/petta_chainer.metta
Not specialized DistMap2Formula_Spec_[+]/4
Not specialized DistMapFormula_Spec_[partial(lambda_12,[_57688])]/3
2026-04-21 10:49:04,859 [INFO] Loading MeTTa library from /content/PeTTaChainer/pettachainer/metta/petta_chainer.metta
Not specialized DistMap2Formula_Spec_[+]/4
Not specialized DistMapFormula_Spec_[partial(lambda_12,[_57688])]/3
2026-04-21 10:49:22,277 [INFO] Loading MeTTa library from /content/PeTTaChainer/pettachainer/metta/petta_chainer.metta
Not specialized DistMap2Formula_Spec_[+]/4
Not specialized DistMapFormula_Spec_[partial(lambda_12,[_57688])]/3
2026-04-21 10:49:30,048 [INFO] Loading MeTTa library from /content/PeTTaChainer/pettachainer/metta/petta_chainer.metta
Not specialized DistMap2Formula_Spec_[+]/4
Not specialized DistMapFormula_Spec_[partial(lambda_12,[_57688])]/3
2026-04-21 10:50:08,990 [INFO] Loading MeTTa library from /content/PeTTaChainer/pettachainer/metta/petta_chainer.metta
Not specialized DistMap2Formula_Spec_[+]/4
Not specialized DistMapFormula_Spec_[partial(lambda_12,[_57688])]/3
2026-04-21 10:50:17,524 [INFO] Loading MeTTa library from /content/PeTTaChainer/pettachainer/metta/petta_chainer.metta
Not specialized DistMap2Formula_Spec_[+]/4
Not specialized DistMapFormula_Spec_[partial(lambda_12,[_57688])]/3
2026-04-21 10:50:26,025 [INFO] Loading MeTTa library from /content/PeTTaChainer/pettachainer/metta/petta_chainer.metta
Not specialized DistMap2Formula_Spec_[+]/4
Not specialized DistMapFormula_Spec_[partial(lambda_12,[_57688])]/3
Processed 4 / 56 examples:   7% 4/56 [02:58<51:18, 59.20s/it]2026-04-21 10:51:14,846 [INFO] Loading MeTTa library from /content/PeTTaChainer/pettachainer/metta/petta_chainer.metta
Not specialized DistMap2Formula_Spec_[+]/4
Not specialized DistMapFormula_Spec_[partial(lambda_12,[_57688])]/3
Processed 5 / 56 examples:   9% 5/56 [04:10<54:15, 63.83s/it]2026-04-21 10:51:51,897 [INFO] Loading MeTTa library from /content/PeTTaChainer/pettachainer/metta/petta_chainer.metta
Not specialized DistMap2Formula_Spec_[+]/4
Not specialized DistMapFormula_Spec_[partial(lambda_12,[_57688])]/3
Processed 7 / 56 examples:  12% 7/56 [04:51<32:40, 40.01s/it]2026-04-21 10:52:34,124 [INFO] Loading MeTTa library from /content/PeTTaChainer/pettachainer/metta/petta_chainer.metta
Not specialized DistMap2Formula_Spec_[+]/4
Not specialized DistMapFormula_Spec_[partial(lambda_12,[_57688])]/3
Processed 9 / 56 examples:  16% 9/56 [05:21<20:39, 26.36s/it]2026-04-21 10:53:08,920 [INFO] Loading MeTTa library from /content/PeTTaChainer/pettachainer/metta/petta_chainer.metta
Not specialized DistMap2Formula_Spec_[+]/4
Not specialized DistMapFormula_Spec_[partial(lambda_12,[_57688])]/3
Processed 10 / 56 examples:  18% 10/56 [05:39<18:13, 23.78s/it]2026-04-21 10:53:13,104 [INFO] Loading MeTTa library from /content/PeTTaChainer/pettachainer/metta/petta_chainer.metta
Processed 11 / 56 examples:  20% 11/56 [05:43<13:09, 17.55s/it]2026-04-21 10:53:36,176 [INFO] Loading MeTTa library from /content/PeTTaChainer/pettachainer/metta/petta_chainer.metta
Not specialized DistMap2Formula_Spec_[+]/4
Not specialized DistMapFormula_Spec_[partial(lambda_12,[_57688])]/3
2026-04-21 10:53:47,417 [INFO] Loading MeTTa library from /content/PeTTaChainer/pettachainer/metta/petta_chainer.metta
Processed 13 / 56 examples:  23% 13/56 [06:18<11:37, 16.21s/it]2026-04-21 10:54:02,502 [INFO] Loading MeTTa library from /content/PeTTaChainer/pettachainer/metta/petta_chainer.metta
Not specialized DistMap2Formula_Spec_[+]/4
Not specialized DistMapFormula_Spec_[partial(lambda_12,[_57688])]/3
Processed 14 / 56 examples:  25% 14/56 [06:33<11:07, 15.89s/it]2026-04-21 10:54:41,195 [INFO] Loading MeTTa library from /content/PeTTaChainer/pettachainer/metta/petta_chainer.metta
Not specialized DistMap2Formula_Spec_[+]/4
Not specialized DistMapFormula_Spec_[partial(lambda_12,[_57688])]/3
2026-04-21 10:54:57,976 [INFO] Loading MeTTa library from /content/PeTTaChainer/pettachainer/metta/petta_chainer.metta
Not specialized DistMap2Formula_Spec_[+]/4
Not specialized DistMapFormula_Spec_[partial(lambda_12,[_57688])]/3
2026-04-21 10:55:06,101 [INFO] Loading MeTTa library from /content/PeTTaChainer/pettachainer/metta/petta_chainer.metta
Not specialized DistMap2Formula_Spec_[+]/4
Not specialized DistMapFormula_Spec_[partial(lambda_12,[_57688])]/3
Processed 15 / 56 examples:  27% 15/56 [07:38<20:50, 30.51s/it]2026-04-21 10:55:14,018 [INFO] Loading MeTTa library from /content/PeTTaChainer/pettachainer/metta/petta_chainer.metta
Not specialized DistMap2Formula_Spec_[+]/4
Not specialized DistMapFormula_Spec_[partial(lambda_12,[_57688])]/3
2026-04-21 10:55:22,557 [INFO] Loading MeTTa library from /content/PeTTaChainer/pettachainer/metta/petta_chainer.metta
Not specialized DistMap2Formula_Spec_[+]/4
Not specialized DistMapFormula_Spec_[partial(lambda_12,[_57688])]/3
Processed 16 / 56 examples:  29% 16/56 [07:58<18:20, 27.52s/it]2026-04-21 10:55:29,376 [INFO] Loading MeTTa library from /content/PeTTaChainer/pettachainer/metta/petta_chainer.metta
Not specialized DistMap2Formula_Spec_[+]/4
Not specialized DistMapFormula_Spec_[partial(lambda_12,[_57688])]/3
2026-04-21 10:55:38,648 [INFO] Loading MeTTa library from /content/PeTTaChainer/pettachainer/metta/petta_chainer.metta
Not specialized DistMap2Formula_Spec_[+]/4
Not specialized DistMapFormula_Spec_[partial(lambda_12,[_57688])]/3
Processed 17 / 56 examples:  30% 17/56 [08:16<15:58, 24.59s/it]2026-04-21 10:55:50,170 [INFO] Loading MeTTa library from /content/PeTTaChainer/pettachainer/metta/petta_chainer.metta
Not specialized DistMap2Formula_Spec_[+]/4
Not specialized DistMapFormula_Spec_[partial(lambda_12,[_57688])]/3
Processed 18 / 56 examples:  32% 18/56 [08:20<11:36, 18.33s/it]2026-04-21 10:56:14,304 [INFO] Loading MeTTa library from /content/PeTTaChainer/pettachainer/metta/petta_chainer.metta
Not specialized DistMap2Formula_Spec_[+]/4
Not specialized DistMapFormula_Spec_[partial(lambda_12,[_57688])]/3
Processed 20 / 56 examples:  36% 20/56 [09:17<14:21, 23.92s/it]2026-04-21 10:57:00,626 [INFO] Loading MeTTa library from /content/PeTTaChainer/pettachainer/metta/petta_chainer.metta
Not specialized DistMap2Formula_Spec_[+]/4
Not specialized DistMapFormula_Spec_[partial(lambda_12,[_57688])]/3
2026-04-21 10:57:09,070 [INFO] Loading MeTTa library from /content/PeTTaChainer/pettachainer/metta/petta_chainer.metta
Not specialized DistMap2Formula_Spec_[+]/4
Not specialized DistMapFormula_Spec_[partial(lambda_12,[_57688])]/3
Processed 21 / 56 examples:  38% 21/56 [10:07<18:28, 31.67s/it]2026-04-21 10:57:39,856 [INFO] Loading MeTTa library from /content/PeTTaChainer/pettachainer/metta/petta_chainer.metta
Not specialized DistMap2Formula_Spec_[+]/4
Not specialized DistMapFormula_Spec_[partial(lambda_12,[_57688])]/3
2026-04-21 10:57:50,663 [INFO] Loading MeTTa library from /content/PeTTaChainer/pettachainer/metta/petta_chainer.metta
Not specialized DistMap2Formula_Spec_[+]/4
Not specialized DistMapFormula_Spec_[partial(lambda_12,[_57688])]/3
Processed 22 / 56 examples:  39% 22/56 [10:21<14:57, 26.41s/it]2026-04-21 10:57:52,977 [INFO] Loading MeTTa library from /content/PeTTaChainer/pettachainer/metta/petta_chainer.metta
Processed 23 / 56 examples:  41% 23/56 [10:23<10:24, 18.91s/it]2026-04-21 10:58:08,470 [INFO] Loading MeTTa library from /content/PeTTaChainer/pettachainer/metta/petta_chainer.metta
Not specialized DistMap2Formula_Spec_[+]/4
Not specialized DistMapFormula_Spec_[partial(lambda_12,[_57688])]/3
Processed 25 / 56 examples:  45% 25/56 [10:47<07:39, 14.83s/it]2026-04-21 10:58:29,662 [INFO] Loading MeTTa library from /content/PeTTaChainer/pettachainer/metta/petta_chainer.metta
Not specialized DistMap2Formula_Spec_[+]/4
Not specialized DistMapFormula_Spec_[partial(lambda_12,[_57688])]/3
Processed 26 / 56 examples:  46% 26/56 [11:20<10:07, 20.25s/it]2026-04-21 10:59:52,947 [INFO] Loading MeTTa library from /content/PeTTaChainer/pettachainer/metta/petta_chainer.metta
Not specialized DistMap2Formula_Spec_[+]/4
Not specialized DistMapFormula_Spec_[partial(lambda_12,[_57688])]/3
2026-04-21 11:00:07,309 [INFO] Loading MeTTa library from /content/PeTTaChainer/pettachainer/metta/petta_chainer.metta
Not specialized DistMap2Formula_Spec_[+]/4
Not specialized DistMapFormula_Spec_[partial(lambda_12,[_57688])]/3
2026-04-21 11:00:15,683 [INFO] Loading MeTTa library from /content/PeTTaChainer/pettachainer/metta/petta_chainer.metta
Not specialized DistMap2Formula_Spec_[+]/4
Not specialized DistMapFormula_Spec_[partial(lambda_12,[_57688])]/3
2026-04-21 11:00:24,113 [INFO] Loading MeTTa library from /content/PeTTaChainer/pettachainer/metta/petta_chainer.metta
Not specialized DistMap2Formula_Spec_[+]/4
Not specialized DistMapFormula_Spec_[partial(lambda_12,[_57688])]/3
Processed 27 / 56 examples:  48% 27/56 [12:57<20:54, 43.25s/it]2026-04-21 11:00:37,665 [INFO] Loading MeTTa library from /content/PeTTaChainer/pettachainer/metta/petta_chainer.metta
Not specialized DistMap2Formula_Spec_[+]/4
Not specialized DistMapFormula_Spec_[partial(lambda_12,[_57688])]/3
Processed 28 / 56 examples:  50% 28/56 [13:08<15:42, 33.67s/it]2026-04-21 11:01:45,912 [INFO] Loading MeTTa library from /content/PeTTaChainer/pettachainer/metta/petta_chainer.metta
Not specialized DistMap2Formula_Spec_[+]/4
Not specialized DistMapFormula_Spec_[partial(lambda_12,[_57688])]/3
Processed 29 / 56 examples:  52% 29/56 [14:27<21:11, 47.09s/it]2026-04-21 11:01:57,411 [INFO] Loading MeTTa library from /content/PeTTaChainer/pettachainer/metta/petta_chainer.metta
Not specialized DistMap2Formula_Spec_[+]/4
Not specialized DistMapFormula_Spec_[partial(lambda_12,[_57688])]/3
2026-04-21 11:02:05,978 [INFO] Loading MeTTa library from /content/PeTTaChainer/pettachainer/metta/petta_chainer.metta
Not specialized DistMap2Formula_Spec_[+]/4
Not specialized DistMapFormula_Spec_[partial(lambda_12,[_57688])]/3
2026-04-21 11:02:15,965 [INFO] Loading MeTTa library from /content/PeTTaChainer/pettachainer/metta/petta_chainer.metta
Not specialized DistMap2Formula_Spec_[+]/4
Not specialized DistMapFormula_Spec_[partial(lambda_12,[_57688])]/3
Processed 30 / 56 examples:  54% 30/56 [14:47<16:52, 38.95s/it]2026-04-21 11:02:20,539 [INFO] Loading MeTTa library from /content/PeTTaChainer/pettachainer/metta/petta_chainer.metta
Processed 31 / 56 examples:  55% 31/56 [14:50<11:46, 28.26s/it]2026-04-21 11:02:34,746 [INFO] Loading MeTTa library from /content/PeTTaChainer/pettachainer/metta/petta_chainer.metta
Not specialized DistMap2Formula_Spec_[+]/4
Not specialized DistMapFormula_Spec_[partial(lambda_12,[_57688])]/3
Processed 33 / 56 examples:  59% 33/56 [15:25<08:24, 21.92s/it]2026-04-21 11:03:16,062 [INFO] Loading MeTTa library from /content/PeTTaChainer/pettachainer/metta/petta_chainer.metta
Processed 34 / 56 examples:  61% 34/56 [15:46<07:50, 21.40s/it]2026-04-21 11:03:44,803 [INFO] Loading MeTTa library from /content/PeTTaChainer/pettachainer/metta/petta_chainer.metta
Not specialized DistMap2Formula_Spec_[+]/4
Not specialized DistMapFormula_Spec_[partial(lambda_12,[_57688])]/3
2026-04-21 11:04:33,574 [INFO] Loading MeTTa library from /content/PeTTaChainer/pettachainer/metta/petta_chainer.metta
Not specialized DistMap2Formula_Spec_[+]/4
Not specialized DistMapFormula_Spec_[partial(lambda_12,[_57688])]/3
Processed 35 / 56 examples:  62% 35/56 [17:09<14:00, 40.03s/it]2026-04-21 11:04:42,670 [INFO] Loading MeTTa library from /content/PeTTaChainer/pettachainer/metta/petta_chainer.metta
Not specialized DistMap2Formula_Spec_[+]/4
Not specialized DistMapFormula_Spec_[partial(lambda_12,[_57688])]/3
2026-04-21 11:04:51,900 [INFO] Loading MeTTa library from /content/PeTTaChainer/pettachainer/metta/petta_chainer.metta
Not specialized DistMap2Formula_Spec_[+]/4
Not specialized DistMapFormula_Spec_[partial(lambda_12,[_57688])]/3
2026-04-21 11:05:01,005 [INFO] Loading MeTTa library from /content/PeTTaChainer/pettachainer/metta/petta_chainer.metta
Not specialized DistMap2Formula_Spec_[+]/4
Not specialized DistMapFormula_Spec_[partial(lambda_12,[_57688])]/3
2026-04-21 11:05:10,029 [INFO] Loading MeTTa library from /content/PeTTaChainer/pettachainer/metta/petta_chainer.metta
Not specialized DistMap2Formula_Spec_[+]/4
Not specialized DistMapFormula_Spec_[partial(lambda_12,[_57688])]/3
2026-04-21 11:06:00,857 [INFO] Loading MeTTa library from /content/PeTTaChainer/pettachainer/metta/petta_chainer.metta
Not specialized DistMap2Formula_Spec_[+]/4
Not specialized DistMapFormula_Spec_[partial(lambda_12,[_57688])]/3
2026-04-21 11:06:09,987 [INFO] Loading MeTTa library from /content/PeTTaChainer/pettachainer/metta/petta_chainer.metta
Not specialized DistMap2Formula_Spec_[+]/4
Not specialized DistMapFormula_Spec_[partial(lambda_12,[_57688])]/3
2026-04-21 11:06:18,234 [INFO] Loading MeTTa library from /content/PeTTaChainer/pettachainer/metta/petta_chainer.metta
Not specialized DistMap2Formula_Spec_[+]/4
Not specialized DistMapFormula_Spec_[partial(lambda_12,[_57688])]/3
Processed 37 / 56 examples:  66% 37/56 [19:37<17:02, 53.81s/it]2026-04-21 11:07:22,346 [INFO] Loading MeTTa library from /content/PeTTaChainer/pettachainer/metta/petta_chainer.metta
Not specialized DistMap2Formula_Spec_[+]/4
Not specialized DistMapFormula_Spec_[partial(lambda_12,[_57688])]/3
Processed 38 / 56 examples:  68% 38/56 [19:58<13:11, 44.00s/it]2026-04-21 11:08:14,317 [INFO] Loading MeTTa library from /content/PeTTaChainer/pettachainer/metta/petta_chainer.metta
Not specialized DistMap2Formula_Spec_[+]/4
Not specialized DistMapFormula_Spec_[partial(lambda_12,[_57688])]/3
Processed 43 / 56 examples:  77% 43/56 [21:14<03:24, 15.73s/it]2026-04-21 11:09:12,547 [INFO] Loading MeTTa library from /content/PeTTaChainer/pettachainer/metta/petta_chainer.metta
Not specialized DistMap2Formula_Spec_[+]/4
Not specialized DistMapFormula_Spec_[partial(lambda_12,[_57688])]/3
Processed 44 / 56 examples:  79% 44/56 [21:44<03:56, 19.73s/it]2026-04-21 11:09:21,711 [INFO] Loading MeTTa library from /content/PeTTaChainer/pettachainer/metta/petta_chainer.metta
Not specialized DistMap2Formula_Spec_[+]/4
Not specialized DistMapFormula_Spec_[partial(lambda_12,[_57688])]/3
2026-04-21 11:09:29,867 [INFO] Loading MeTTa library from /content/PeTTaChainer/pettachainer/metta/petta_chainer.metta
Not specialized DistMap2Formula_Spec_[+]/4
Not specialized DistMapFormula_Spec_[partial(lambda_12,[_57688])]/3
Processed 45 / 56 examples:  80% 45/56 [22:11<04:02, 22.06s/it]2026-04-21 11:09:43,199 [INFO] Loading MeTTa library from /content/PeTTaChainer/pettachainer/metta/petta_chainer.metta
Not specialized DistMap2Formula_Spec_[+]/4
Not specialized DistMapFormula_Spec_[partial(lambda_12,[_57688])]/3
Processed 46 / 56 examples:  82% 46/56 [22:13<02:40, 16.04s/it]2026-04-21 11:09:54,016 [INFO] Loading MeTTa library from /content/PeTTaChainer/pettachainer/metta/petta_chainer.metta
Not specialized DistMap2Formula_Spec_[+]/4
Not specialized DistMapFormula_Spec_[partial(lambda_12,[_57688])]/3
Processed 47 / 56 examples:  84% 47/56 [22:24<02:11, 14.61s/it]2026-04-21 11:09:58,676 [INFO] Loading MeTTa library from /content/PeTTaChainer/pettachainer/metta/petta_chainer.metta
Not specialized DistMap2Formula_Spec_[+]/4
Not specialized DistMapFormula_Spec_[partial(lambda_12,[_57688])]/3
Processed 48 / 56 examples:  86% 48/56 [22:29<01:33, 11.64s/it]2026-04-21 11:10:09,427 [INFO] Loading MeTTa library from /content/PeTTaChainer/pettachainer/metta/petta_chainer.metta
Not specialized DistMap2Formula_Spec_[+]/4
Not specialized DistMapFormula_Spec_[partial(lambda_12,[_57688])]/3
Processed 49 / 56 examples:  88% 49/56 [22:44<01:27, 12.53s/it]2026-04-21 11:10:22,713 [INFO] Loading MeTTa library from /content/PeTTaChainer/pettachainer/metta/petta_chainer.metta
Not specialized DistMap2Formula_Spec_[+]/4
Not specialized DistMapFormula_Spec_[partial(lambda_12,[_57688])]/3
Processed 52 / 56 examples:  93% 52/56 [24:17<01:17, 19.31s/it]2026-04-21 11:12:01,697 [INFO] Loading MeTTa library from /content/PeTTaChainer/pettachainer/metta/petta_chainer.metta
Not specialized DistMap2Formula_Spec_[+]/4
Not specialized DistMapFormula_Spec_[partial(lambda_12,[_57688])]/3
Processed 53 / 56 examples:  95% 53/56 [24:52<01:12, 24.05s/it]2026-04-21 11:12:45,260 [INFO] Loading MeTTa library from /content/PeTTaChainer/pettachainer/metta/petta_chainer.metta
Not specialized DistMap2Formula_Spec_[+]/4
Not specialized DistMapFormula_Spec_[partial(lambda_12,[_57688])]/3
Processed 55 / 56 examples:  98% 55/56 [25:27<00:19, 19.51s/it]2026-04-21 11:13:16,230 [INFO] Loading MeTTa library from /content/PeTTaChainer/pettachainer/metta/petta_chainer.metta
Not specialized DistMap2Formula_Spec_[+]/4
Not specialized DistMapFormula_Spec_[partial(lambda_12,[_57688])]/3
2026-04-21 11:13:55,010 [INFO] Loading MeTTa library from /content/PeTTaChainer/pettachainer/metta/petta_chainer.metta
Not specialized DistMap2Formula_Spec_[+]/4
Not specialized DistMapFormula_Spec_[partial(lambda_12,[_57688])]/3
Processed 56 / 56 examples: 100% 56/56 [26:38<00:00, 28.54s/it]
2026/04/21 11:14:08 INFO dspy.teleprompt.simba: Scores after 1 batches: [0.4404166666666667, 0.35725, 0.252, 0.3845, 0.404, 0.01425, 0.415375], Best: 0.4404166666666667

2026/04/21 11:14:08 INFO dspy.teleprompt.simba: Starting batch 2 of 8.
2026/04/21 11:14:09 INFO dspy.teleprompt.simba: Sampling program trajectories on 8 examples x 6 samples.
  0% 0/48 [00:00<?, ?it/s]2026-04-21 11:14:39,043 [INFO] Loading MeTTa library from /content/PeTTaChainer/pettachainer/metta/petta_chainer.metta
Not specialized DistMap2Formula_Spec_[+]/4
Not specialized DistMapFormula_Spec_[partial(lambda_12,[_57688])]/3
Processed 2 / 48 examples:   4% 2/48 [00:41<13:20, 17.40s/it]2026-04-21 11:15:17,052 [INFO] Loading MeTTa library from /content/PeTTaChainer/pettachainer/metta/petta_chainer.metta
Not specialized DistMap2Formula_Spec_[+]/4
Not specialized DistMapFormula_Spec_[partial(lambda_12,[_57688])]/3
Processed 3 / 48 examples:   6% 3/48 [01:15<18:28, 24.62s/it]2026-04-21 11:15:29,699 [INFO] Loading MeTTa library from /content/PeTTaChainer/pettachainer/metta/petta_chainer.metta
Not specialized DistMap2Formula_Spec_[+]/4
Not specialized DistMapFormula_Spec_[partial(lambda_12,[_57688])]/3
2026-04-21 11:15:38,066 [INFO] Loading MeTTa library from /content/PeTTaChainer/pettachainer/metta/petta_chainer.metta
Not specialized DistMap2Formula_Spec_[+]/4
Not specialized DistMapFormula_Spec_[partial(lambda_12,[_57688])]/3
2026-04-21 11:16:28,670 [INFO] Loading MeTTa library from /content/PeTTaChainer/pettachainer/metta/petta_chainer.metta
Not specialized DistMap2Formula_Spec_[+]/4
Not specialized DistMapFormula_Spec_[partial(lambda_12,[_57688])]/3
Processed 5 / 48 examples:  10% 5/48 [02:21<18:58, 26.47s/it]2026-04-21 11:16:35,901 [INFO] Loading MeTTa library from /content/PeTTaChainer/pettachainer/metta/petta_chainer.metta
Not specialized DistMap2Formula_Spec_[+]/4
Not specialized DistMapFormula_Spec_[partial(lambda_12,[_57688])]/3
Processed 6 / 48 examples:  12% 6/48 [02:26<13:20, 19.07s/it]2026-04-21 11:16:45,568 [INFO] Loading MeTTa library from /content/PeTTaChainer/pettachainer/metta/petta_chainer.metta
Not specialized DistMap2Formula_Spec_[+]/4
Not specialized DistMapFormula_Spec_[partial(lambda_12,[_57688])]/3
Processed 11 / 48 examples:  23% 11/48 [03:59<10:35, 17.19s/it]2026-04-21 11:18:21,972 [INFO] Loading MeTTa library from /content/PeTTaChainer/pettachainer/metta/petta_chainer.metta
Not specialized DistMap2Formula_Spec_[+]/4
Not specialized DistMapFormula_Spec_[partial(lambda_12,[_57688])]/3
Processed 15 / 48 examples:  31% 15/48 [05:17<10:36, 19.28s/it]2026-04-21 11:19:27,639 [INFO] Loading MeTTa library from /content/PeTTaChainer/pettachainer/metta/petta_chainer.metta
Not specialized DistMap2Formula_Spec_[+]/4
Not specialized DistMapFormula_Spec_[partial(lambda_12,[_57688])]/3
2026-04-21 11:20:09,135 [INFO] Loading MeTTa library from /content/PeTTaChainer/pettachainer/metta/petta_chainer.metta
Not specialized DistMap2Formula_Spec_[+]/4
Not specialized DistMapFormula_Spec_[partial(lambda_12,[_57688])]/3
Processed 19 / 48 examples:  40% 19/48 [06:31<07:24, 15.34s/it]2026-04-21 11:21:32,417 [INFO] Loading MeTTa library from /content/PeTTaChainer/pettachainer/metta/petta_chainer.metta
Not specialized DistMap2Formula_Spec_[+]/4
Not specialized DistMapFormula_Spec_[partial(lambda_12,[_57688])]/3
Processed 21 / 48 examples:  44% 21/48 [07:41<10:12, 22.68s/it]2026-04-21 11:22:07,843 [INFO] Loading MeTTa library from /content/PeTTaChainer/pettachainer/metta/petta_chainer.metta
Not specialized DistMap2Formula_Spec_[+]/4
Not specialized DistMapFormula_Spec_[partial(lambda_12,[_57688])]/3
2026-04-21 11:22:15,538 [INFO] Loading MeTTa library from /content/PeTTaChainer/pettachainer/metta/petta_chainer.metta
Not specialized DistMap2Formula_Spec_[+]/4
Not specialized DistMapFormula_Spec_[partial(lambda_12,[_57688])]/3
Processed 22 / 48 examples:  46% 22/48 [08:07<10:18, 23.79s/it]2026-04-21 11:22:39,688 [INFO] Loading MeTTa library from /content/PeTTaChainer/pettachainer/metta/petta_chainer.metta
Not specialized DistMap2Formula_Spec_[+]/4
Not specialized DistMapFormula_Spec_[partial(lambda_12,[_57688])]/3
Processed 25 / 48 examples:  52% 25/48 [09:10<08:21, 21.80s/it]2026-04-21 11:23:23,499 [INFO] Loading MeTTa library from /content/PeTTaChainer/pettachainer/metta/petta_chainer.metta
Not specialized DistMap2Formula_Spec_[+]/4
Not specialized DistMapFormula_Spec_[partial(lambda_12,[_57688])]/3
2026-04-21 11:23:33,727 [INFO] Loading MeTTa library from /content/PeTTaChainer/pettachainer/metta/petta_chainer.metta
Not specialized DistMap2Formula_Spec_[+]/4
Not specialized DistMapFormula_Spec_[partial(lambda_12,[_57688])]/3
Processed 26 / 48 examples:  54% 26/48 [09:25<07:14, 19.77s/it]2026-04-21 11:23:39,728 [INFO] Loading MeTTa library from /content/PeTTaChainer/pettachainer/metta/petta_chainer.metta
Not specialized DistMap2Formula_Spec_[+]/4
Not specialized DistMapFormula_Spec_[partial(lambda_12,[_57688])]/3
Processed 27 / 48 examples:  56% 27/48 [09:30<05:22, 15.34s/it]2026-04-21 11:23:50,630 [INFO] Loading MeTTa library from /content/PeTTaChainer/pettachainer/metta/petta_chainer.metta
Not specialized DistMap2Formula_Spec_[+]/4
Not specialized DistMapFormula_Spec_[partial(lambda_12,[_57688])]/3
2026-04-21 11:24:07,262 [INFO] Loading MeTTa library from /content/PeTTaChainer/pettachainer/metta/petta_chainer.metta
Not specialized DistMap2Formula_Spec_[+]/4
Not specialized DistMapFormula_Spec_[partial(lambda_12,[_57688])]/3
Processed 28 / 48 examples:  58% 28/48 [10:17<08:17, 24.87s/it]2026-04-21 11:24:30,411 [INFO] Loading MeTTa library from /content/PeTTaChainer/pettachainer/metta/petta_chainer.metta
Not specialized DistMap2Formula_Spec_[+]/4
Not specialized DistMapFormula_Spec_[partial(lambda_12,[_57688])]/3
2026-04-21 11:24:51,189 [INFO] Loading MeTTa library from /content/PeTTaChainer/pettachainer/metta/petta_chainer.metta
Not specialized DistMap2Formula_Spec_[+]/4
Not specialized DistMapFormula_Spec_[partial(lambda_12,[_57688])]/3
Processed 31 / 48 examples:  65% 31/48 [11:37<07:24, 26.16s/it]2026-04-21 11:26:07,912 [INFO] Loading MeTTa library from /content/PeTTaChainer/pettachainer/metta/petta_chainer.metta
Not specialized DistMap2Formula_Spec_[+]/4
Not specialized DistMapFormula_Spec_[partial(lambda_12,[_57688])]/3
Processed 33 / 48 examples:  69% 33/48 [12:02<04:36, 18.43s/it]2026-04-21 11:26:35,375 [INFO] Loading MeTTa library from /content/PeTTaChainer/pettachainer/metta/petta_chainer.metta
Not specialized DistMap2Formula_Spec_[+]/4
Not specialized DistMapFormula_Spec_[partial(lambda_12,[_57688])]/3
Processed 34 / 48 examples:  71% 34/48 [12:27<04:44, 20.30s/it]2026-04-21 11:26:42,016 [INFO] Loading MeTTa library from /content/PeTTaChainer/pettachainer/metta/petta_chainer.metta
Not specialized DistMap2Formula_Spec_[+]/4
Not specialized DistMapFormula_Spec_[partial(lambda_12,[_57688])]/3
Processed 35 / 48 examples:  73% 35/48 [12:32<03:24, 15.73s/it]2026-04-21 11:27:04,368 [INFO] Loading MeTTa library from /content/PeTTaChainer/pettachainer/metta/petta_chainer.metta
Not specialized DistMap2Formula_Spec_[+]/4
Not specialized DistMapFormula_Spec_[partial(lambda_12,[_57688])]/3
2026-04-21 11:27:31,275 [INFO] Loading MeTTa library from /content/PeTTaChainer/pettachainer/metta/petta_chainer.metta
Not specialized DistMap2Formula_Spec_[+]/4
Not specialized DistMapFormula_Spec_[partial(lambda_12,[_57688])]/3
2026-04-21 11:27:39,545 [INFO] Loading MeTTa library from /content/PeTTaChainer/pettachainer/metta/petta_chainer.metta
Not specialized DistMap2Formula_Spec_[+]/4
Not specialized DistMapFormula_Spec_[partial(lambda_12,[_57688])]/3
Processed 36 / 48 examples:  75% 36/48 [13:49<06:47, 33.94s/it]2026-04-21 11:27:59,092 [INFO] Loading MeTTa library from /content/PeTTaChainer/pettachainer/metta/petta_chainer.metta
Not specialized DistMap2Formula_Spec_[+]/4
Not specialized DistMapFormula_Spec_[partial(lambda_12,[_57688])]/3
2026-04-21 11:28:14,504 [INFO] Loading MeTTa library from /content/PeTTaChainer/pettachainer/metta/petta_chainer.metta
Not specialized DistMap2Formula_Spec_[+]/4
Not specialized DistMapFormula_Spec_[partial(lambda_12,[_57688])]/3
Processed 42 / 48 examples:  88% 42/48 [15:07<01:16, 12.69s/it]2026-04-21 11:29:39,995 [INFO] Loading MeTTa library from /content/PeTTaChainer/pettachainer/metta/petta_chainer.metta
Not specialized DistMap2Formula_Spec_[+]/4
Not specialized DistMapFormula_Spec_[partial(lambda_12,[_57688])]/3
Processed 44 / 48 examples:  92% 44/48 [15:56<01:06, 16.54s/it]2026-04-21 11:30:36,557 [INFO] Loading MeTTa library from /content/PeTTaChainer/pettachainer/metta/petta_chainer.metta
Not specialized DistMap2Formula_Spec_[+]/4
Not specialized DistMapFormula_Spec_[partial(lambda_12,[_57688])]/3
2026-04-21 11:30:53,721 [INFO] Loading MeTTa library from /content/PeTTaChainer/pettachainer/metta/petta_chainer.metta
Not specialized DistMap2Formula_Spec_[+]/4
Not specialized DistMapFormula_Spec_[partial(lambda_12,[_57688])]/3
Processed 46 / 48 examples:  96% 46/48 [17:15<00:55, 27.55s/it]2026-04-21 11:31:33,124 [INFO] Loading MeTTa library from /content/PeTTaChainer/pettachainer/metta/petta_chainer.metta
Not specialized DistMap2Formula_Spec_[+]/4
Not specialized DistMapFormula_Spec_[partial(lambda_12,[_57688])]/3
Processed 47 / 48 examples: 100% 48/48 [17:25<00:00, 15.54s/it]2026-04-21 11:32:44,871 [INFO] Loading MeTTa library from /content/PeTTaChainer/pettachainer/metta/petta_chainer.metta
Not specialized DistMap2Formula_Spec_[+]/4
Not specialized DistMapFormula_Spec_[partial(lambda_12,[_57688])]/3
2026-04-21 11:33:04,053 [INFO] Loading MeTTa library from /content/PeTTaChainer/pettachainer/metta/petta_chainer.metta
Not specialized DistMap2Formula_Spec_[+]/4
Not specialized DistMapFormula_Spec_[partial(lambda_12,[_57688])]/3
Processed 48 / 48 examples: : 49it [19:14, 23.55s/it]
2026/04/21 11:33:23 INFO dspy.teleprompt.simba: Batch 2: Baseline mini-batch score: 0.08664583333333332

2026/04/21 11:33:23 INFO dspy.teleprompt.simba: Batch 2: Processing bucket #1, with max score 0.86, max-to-min gap 0.854, and max-to-avg gap 0.6313333333333333.
2026/04/21 11:33:23 INFO dspy.teleprompt.simba: Batch 2: Invoking strategy: append_a_rule
2026/04/21 11:33:47 INFO dspy.teleprompt.simba_utils: Advice for nl2pln.predict: If a sentence says someone is 'a trader in Company_X', prefer the same combined membership predicate used by nearby rules, e.g. `TraderInCompany Tom Company_X`, rather than splitting it into separate `Trader` and `InCompany` facts unless the context explicitly uses that decomposition. If the input is a yes/no question with modal wording like 'Could X and Y ...?', do not invent a new relation name such as `MutualTransaction`; instead reuse the exact predicate already supported by the context and preserve the modal meaning with a capability-style predicate like `CanTransactWithEachOther` or the closest context-matching predicate. For questions, emit only one PLN query in the form `(: $prf (<predicate> X Y) $tv)` and make sure the predicate symbol matches what the proof rules can actually derive from the supplied context.
2026/04/21 11:33:47 INFO dspy.teleprompt.simba: 

2026/04/21 11:33:47 INFO dspy.teleprompt.simba: Batch 2: Processing bucket #2, with max score 0.455, max-to-min gap 0.451, and max-to-avg gap 0.3265.
2026/04/21 11:33:47 INFO dspy.teleprompt.simba: Batch 2: Invoking strategy: append_a_demo_
2026/04/21 11:33:47 INFO dspy.teleprompt.simba_utils: Added 1 demos (one each) across all predictors.
2026/04/21 11:33:47 INFO dspy.teleprompt.simba: 

2026/04/21 11:33:47 INFO dspy.teleprompt.simba: Batch 2: Processing bucket #3, with max score 0.45, max-to-min gap 0.449, and max-to-avg gap 0.3571666666666667.
2026/04/21 11:33:47 INFO dspy.teleprompt.simba: Batch 2: Invoking strategy: append_a_rule
2026/04/21 11:34:09 INFO dspy.teleprompt.simba_utils: Advice for nl2pln.predict: If the input sentence states a percentage or range about a specific entity/group (e.g. “more than half but less than two-thirds of the students failed the exam”), then encode it with a stable object identifier and a reusable range/threshold-style predicate rather than a vague English summary. If a later question asks about a related threshold (e.g. “more than 60%”), then create a short helper implication that maps the stored fact/range to the exact queried predicate, and query that exact predicate with the same entity identifier. Do not leave the sentence as an unconnected descriptive fact, and do not query a generic stand-in predicate that is not linked to the context; the query should be an atomic pattern in the spec form `(: $prf (TargetPredicate entity) $tv)`.
2026/04/21 11:34:09 INFO dspy.teleprompt.simba: 

2026/04/21 11:34:09 INFO dspy.teleprompt.simba: Batch 2: Processing bucket #4, with max score 0.18, max-to-min gap 0.18, and max-to-avg gap 0.075.
2026/04/21 11:34:09 INFO dspy.teleprompt.simba: Batch 2: Invoking strategy: append_a_rule
2026/04/21 11:34:24 INFO dspy.teleprompt.simba_utils: Advice for nl2pln.predict: If you receive a simple declarative sentence about a past event, then output exactly one valid PLN statement in the form `(: proof-id (Predicate Args...) (STV 1.0 1.0))` with the outer parentheses included; do not emit a bare `: ...` form. Prefer a predicate that preserves tense/aspect from the sentence, e.g. `WentSwimming` for “went swimming,” rather than collapsing it into a present-state predicate like `Swimming`. If you receive a question asking about the current probability/state after a past event (especially with words like “now,” “currently,” or “is ... now”), then query the present-state predicate directly, e.g. `(: $prf (SwimmingNow Bob) $tv)`, and only add a bridging rule from the past event to the current state if you need one. That bridging rule should be weak/default-like, not certain: past events should not become present facts with `STV 1.0 1.0`. Reuse a context predicate if one already exists; otherwise, introduce at most one clean helper predicate and keep the temporal meaning explicit.
2026/04/21 11:34:24 INFO dspy.teleprompt.simba: 

2026/04/21 11:34:24 INFO dspy.teleprompt.simba: Batch 2: Processing bucket #5, with max score 0.18, max-to-min gap 0.179, and max-to-avg gap 0.11599999999999999.
2026/04/21 11:34:24 INFO dspy.teleprompt.simba: Batch 2: Invoking strategy: append_a_rule
2026/04/21 11:34:39 INFO dspy.teleprompt.simba_utils: Advice for nl2pln.predict: If the input sentence expresses a restriction with "only" or "only ... on days when ...", then emit a one-way implication that points from the restricted action to its condition, using the same predicates from the sentence/context and avoiding any converse rule unless it is explicitly stated. If a follow-up question asks "on which days" or asks for the condition behind that restriction, then query the implication structure directly (for example, a query whose typePattern is the full `(Implication (Premises ...) (Conclusions ...))` form), not just the antecedent fact predicate, because there may be no standalone facts to prove. Keep the query syntax exactly as `(: $q <typePattern> $tv)` and reuse context predicates rather than inventing new ones.
2026/04/21 11:34:39 INFO dspy.teleprompt.simba: 

2026/04/21 11:34:39 INFO dspy.teleprompt.simba: Batch 2: Processing bucket #6, with max score 0.1, max-to-min gap 0.099, and max-to-avg gap 0.03283333333333334.
2026/04/21 11:34:39 INFO dspy.teleprompt.simba: Batch 2: Invoking strategy: append_a_demo_, having dropped 1 demos per predictor
2026/04/21 11:34:39 INFO dspy.teleprompt.simba_utils: Added 1 demos (one each) across all predictors.
2026/04/21 11:34:39 INFO dspy.teleprompt.simba: 

2026/04/21 11:34:39 INFO dspy.teleprompt.simba: Batch 2: Processing bucket #7, with max score 0.007, max-to-min gap 0.006, and max-to-avg gap 0.004.
2026/04/21 11:34:39 INFO dspy.teleprompt.simba: Batch 2: Invoking strategy: append_a_demo_
2026/04/21 11:34:39 INFO dspy.teleprompt.simba_utils: Added 1 demos (one each) across all predictors.
2026/04/21 11:34:39 INFO dspy.teleprompt.simba: 

2026/04/21 11:34:39 INFO dspy.teleprompt.simba: Batch 2: Evaluating 7 programs on 8 examples.
  0% 0/56 [00:00<?, ?it/s]2026-04-21 11:34:59,857 [INFO] Loading MeTTa library from /content/PeTTaChainer/pettachainer/metta/petta_chainer.metta
Not specialized DistMap2Formula_Spec_[+]/4
Not specialized DistMapFormula_Spec_[partial(lambda_12,[_57688])]/3
Processed 3 / 56 examples:   5% 3/56 [00:37<08:24,  9.52s/it]2026-04-21 11:35:34,922 [INFO] Loading MeTTa library from /content/PeTTaChainer/pettachainer/metta/petta_chainer.metta
Not specialized DistMap2Formula_Spec_[+]/4
Not specialized DistMapFormula_Spec_[partial(lambda_12,[_57688])]/3
2026-04-21 11:35:50,881 [INFO] Loading MeTTa library from /content/PeTTaChainer/pettachainer/metta/petta_chainer.metta
Not specialized DistMap2Formula_Spec_[+]/4
Not specialized DistMapFormula_Spec_[partial(lambda_12,[_57688])]/3
2026-04-21 11:36:04,201 [INFO] Loading MeTTa library from /content/PeTTaChainer/pettachainer/metta/petta_chainer.metta
Not specialized DistMap2Formula_Spec_[+]/4
Not specialized DistMapFormula_Spec_[partial(lambda_12,[_57688])]/3
Processed 5 / 56 examples:   9% 5/56 [01:33<15:38, 18.41s/it]2026-04-21 11:36:20,289 [INFO] Loading MeTTa library from /content/PeTTaChainer/pettachainer/metta/petta_chainer.metta
Not specialized DistMap2Formula_Spec_[+]/4
Not specialized DistMapFormula_Spec_[partial(lambda_12,[_57688])]/3
Processed 6 / 56 examples:  11% 6/56 [01:43<12:51, 15.43s/it]2026-04-21 11:36:41,082 [INFO] Loading MeTTa library from /content/PeTTaChainer/pettachainer/metta/petta_chainer.metta
Not specialized DistMap2Formula_Spec_[+]/4
Not specialized DistMapFormula_Spec_[partial(lambda_12,[_57688])]/3
2026-04-21 11:36:50,360 [INFO] Loading MeTTa library from /content/PeTTaChainer/pettachainer/metta/petta_chainer.metta
Not specialized DistMap2Formula_Spec_[+]/4
Not specialized DistMapFormula_Spec_[partial(lambda_12,[_57688])]/3
2026-04-21 11:36:57,984 [INFO] Loading MeTTa library from /content/PeTTaChainer/pettachainer/metta/petta_chainer.metta
Not specialized DistMap2Formula_Spec_[+]/4
Not specialized DistMapFormula_Spec_[partial(lambda_12,[_57688])]/3
Processed 8 / 56 examples:  14% 8/56 [02:30<14:33, 18.20s/it]2026-04-21 11:37:22,788 [INFO] Loading MeTTa library from /content/PeTTaChainer/pettachainer/metta/petta_chainer.metta
Not specialized DistMap2Formula_Spec_[+]/4
Not specialized DistMapFormula_Spec_[partial(lambda_12,[_57688])]/3
2026-04-21 11:37:31,638 [INFO] Loading MeTTa library from /content/PeTTaChainer/pettachainer/metta/petta_chainer.metta
Not specialized DistMap2Formula_Spec_[+]/4
Not specialized DistMapFormula_Spec_[partial(lambda_12,[_57688])]/3
Processed 9 / 56 examples:  16% 9/56 [02:59<16:51, 21.52s/it]2026-04-21 11:37:44,829 [INFO] Loading MeTTa library from /content/PeTTaChainer/pettachainer/metta/petta_chainer.metta
Not specialized DistMap2Formula_Spec_[+]/4
Not specialized DistMapFormula_Spec_[partial(lambda_12,[_57688])]/3
2026-04-21 11:37:54,049 [INFO] Loading MeTTa library from /content/PeTTaChainer/pettachainer/metta/petta_chainer.metta
Not specialized DistMap2Formula_Spec_[+]/4
Not specialized DistMapFormula_Spec_[partial(lambda_12,[_57688])]/3
Processed 10 / 56 examples:  18% 10/56 [03:32<19:09, 24.99s/it]2026-04-21 11:38:15,908 [INFO] Loading MeTTa library from /content/PeTTaChainer/pettachainer/metta/petta_chainer.metta
Not specialized DistMap2Formula_Spec_[+]/4
Not specialized DistMapFormula_Spec_[partial(lambda_12,[_57688])]/3
Processed 11 / 56 examples:  20% 11/56 [03:56<18:33, 24.75s/it]2026-04-21 11:38:47,759 [INFO] Loading MeTTa library from /content/PeTTaChainer/pettachainer/metta/petta_chainer.metta
Not specialized DistMap2Formula_Spec_[+]/4
Not specialized DistMapFormula_Spec_[partial(lambda_12,[_57688])]/3
2026-04-21 11:39:01,502 [INFO] Loading MeTTa library from /content/PeTTaChainer/pettachainer/metta/petta_chainer.metta
Not specialized DistMap2Formula_Spec_[+]/4
Not specialized DistMapFormula_Spec_[partial(lambda_12,[_57688])]/3
Processed 12 / 56 examples:  21% 12/56 [04:32<20:36, 28.10s/it]2026-04-21 11:39:29,285 [INFO] Loading MeTTa library from /content/PeTTaChainer/pettachainer/metta/petta_chainer.metta
Not specialized DistMap2Formula_Spec_[+]/4
Not specialized DistMapFormula_Spec_[partial(lambda_12,[_57688])]/3
Processed 15 / 56 examples:  27% 15/56 [04:59<09:55, 14.53s/it]2026-04-21 11:40:18,856 [INFO] Loading MeTTa library from /content/PeTTaChainer/pettachainer/metta/petta_chainer.metta
Not specialized DistMap2Formula_Spec_[+]/4
Not specialized DistMapFormula_Spec_[partial(lambda_12,[_57688])]/3
Processed 17 / 56 examples:  30% 17/56 [05:50<11:36, 17.86s/it]2026-04-21 11:41:02,687 [INFO] Loading MeTTa library from /content/PeTTaChainer/pettachainer/metta/petta_chainer.metta
Not specialized DistMap2Formula_Spec_[+]/4
Not specialized DistMapFormula_Spec_[partial(lambda_12,[_57688])]/3
Processed 18 / 56 examples:  32% 18/56 [06:40<17:25, 27.51s/it]2026-04-21 11:41:54,383 [INFO] Loading MeTTa library from /content/PeTTaChainer/pettachainer/metta/petta_chainer.metta
Not specialized DistMap2Formula_Spec_[+]/4
Not specialized DistMapFormula_Spec_[partial(lambda_12,[_57688])]/3
2026-04-21 11:42:22,054 [INFO] Loading MeTTa library from /content/PeTTaChainer/pettachainer/metta/petta_chainer.metta
Not specialized DistMap2Formula_Spec_[+]/4
Not specialized DistMapFormula_Spec_[partial(lambda_12,[_57688])]/3
2026-04-21 11:42:30,199 [INFO] Loading MeTTa library from /content/PeTTaChainer/pettachainer/metta/petta_chainer.metta
Not specialized DistMap2Formula_Spec_[+]/4
Not specialized DistMapFormula_Spec_[partial(lambda_12,[_57688])]/3
Processed 21 / 56 examples:  38% 21/56 [08:52<18:42, 32.07s/it]2026-04-21 11:43:33,654 [INFO] Loading MeTTa library from /content/PeTTaChainer/pettachainer/metta/petta_chainer.metta
Not specialized DistMap2Formula_Spec_[+]/4
Not specialized DistMapFormula_Spec_[partial(lambda_12,[_57688])]/3
Processed 22 / 56 examples:  39% 22/56 [09:03<14:31, 25.64s/it]2026-04-21 11:43:50,665 [INFO] Loading MeTTa library from /content/PeTTaChainer/pettachainer/metta/petta_chainer.metta
Not specialized DistMap2Formula_Spec_[+]/4
Not specialized DistMapFormula_Spec_[partial(lambda_12,[_57688])]/3
Processed 23 / 56 examples:  41% 23/56 [09:19<12:26, 22.63s/it]2026-04-21 11:44:07,694 [INFO] Loading MeTTa library from /content/PeTTaChainer/pettachainer/metta/petta_chainer.metta
Not specialized DistMap2Formula_Spec_[+]/4
Not specialized DistMapFormula_Spec_[partial(lambda_12,[_57688])]/3
2026-04-21 11:44:16,810 [INFO] Loading MeTTa library from /content/PeTTaChainer/pettachainer/metta/petta_chainer.metta
Not specialized DistMap2Formula_Spec_[+]/4
Not specialized DistMapFormula_Spec_[partial(lambda_12,[_57688])]/3
2026-04-21 11:44:33,081 [INFO] Loading MeTTa library from /content/PeTTaChainer/pettachainer/metta/petta_chainer.metta
Not specialized DistMap2Formula_Spec_[+]/4
Not specialized DistMapFormula_Spec_[partial(lambda_12,[_57688])]/3
2026-04-21 11:44:42,509 [INFO] Loading MeTTa library from /content/PeTTaChainer/pettachainer/metta/petta_chainer.metta
Not specialized DistMap2Formula_Spec_[+]/4
Not specialized DistMapFormula_Spec_[partial(lambda_12,[_57688])]/3
Processed 25 / 56 examples:  45% 25/56 [10:12<11:49, 22.90s/it]2026-04-21 11:44:57,500 [INFO] Loading MeTTa library from /content/PeTTaChainer/pettachainer/metta/petta_chainer.metta
Not specialized DistMap2Formula_Spec_[+]/4
Not specialized DistMapFormula_Spec_[partial(lambda_12,[_57688])]/3
2026-04-21 11:45:39,633 [INFO] Loading MeTTa library from /content/PeTTaChainer/pettachainer/metta/petta_chainer.metta
Not specialized DistMap2Formula_Spec_[+]/4
Not specialized DistMapFormula_Spec_[partial(lambda_12,[_57688])]/3
2026-04-21 11:45:49,164 [INFO] Loading MeTTa library from /content/PeTTaChainer/pettachainer/metta/petta_chainer.metta
Not specialized DistMap2Formula_Spec_[+]/4
Not specialized DistMapFormula_Spec_[partial(lambda_12,[_57688])]/3
Processed 26 / 56 examples:  46% 26/56 [11:17<17:46, 35.55s/it]2026-04-21 11:45:58,490 [INFO] Loading MeTTa library from /content/PeTTaChainer/pettachainer/metta/petta_chainer.metta
Not specialized DistMap2Formula_Spec_[+]/4
Not specialized DistMapFormula_Spec_[partial(lambda_12,[_57688])]/3
2026-04-21 11:46:30,671 [INFO] Loading MeTTa library from /content/PeTTaChainer/pettachainer/metta/petta_chainer.metta
Not specialized DistMap2Formula_Spec_[+]/4
Not specialized DistMapFormula_Spec_[partial(lambda_12,[_57688])]/3
Processed 28 / 56 examples:  50% 28/56 [11:59<12:31, 26.84s/it]2026-04-21 11:46:53,125 [INFO] Loading MeTTa library from /content/PeTTaChainer/pettachainer/metta/petta_chainer.metta
Not specialized DistMap2Formula_Spec_[+]/4
Not specialized DistMapFormula_Spec_[partial(lambda_12,[_57688])]/3
Processed 29 / 56 examples:  52% 29/56 [12:25<12:02, 26.74s/it]2026-04-21 11:47:13,480 [INFO] Loading MeTTa library from /content/PeTTaChainer/pettachainer/metta/petta_chainer.metta
Not specialized DistMap2Formula_Spec_[+]/4
Not specialized DistMapFormula_Spec_[partial(lambda_12,[_57688])]/3
Processed 31 / 56 examples:  55% 31/56 [13:02<09:34, 22.97s/it]2026-04-21 11:47:45,991 [INFO] Loading MeTTa library from /content/PeTTaChainer/pettachainer/metta/petta_chainer.metta
Not specialized DistMap2Formula_Spec_[+]/4
Not specialized DistMapFormula_Spec_[partial(lambda_12,[_57688])]/3
2026-04-21 11:47:55,373 [INFO] Loading MeTTa library from /content/PeTTaChainer/pettachainer/metta/petta_chainer.metta
Not specialized DistMap2Formula_Spec_[+]/4
Not specialized DistMapFormula_Spec_[partial(lambda_12,[_57688])]/3
2026-04-21 11:48:10,682 [INFO] Loading MeTTa library from /content/PeTTaChainer/pettachainer/metta/petta_chainer.metta
Not specialized DistMap2Formula_Spec_[+]/4
Not specialized DistMapFormula_Spec_[partial(lambda_12,[_57688])]/3
2026-04-21 11:48:21,564 [INFO] Loading MeTTa library from /content/PeTTaChainer/pettachainer/metta/petta_chainer.metta
Processed 33 / 56 examples:  59% 33/56 [13:44<07:49, 20.39s/it]2026-04-21 11:48:26,675 [INFO] Loading MeTTa library from /content/PeTTaChainer/pettachainer/metta/petta_chainer.metta
Processed 34 / 56 examples:  61% 34/56 [13:47<05:33, 15.17s/it]2026-04-21 11:48:56,798 [INFO] Loading MeTTa library from /content/PeTTaChainer/pettachainer/metta/petta_chainer.metta
Not specialized DistMap2Formula_Spec_[+]/4
Not specialized DistMapFormula_Spec_[partial(lambda_12,[_57688])]/3
Processed 36 / 56 examples:  64% 36/56 [14:20<04:48, 14.44s/it]2026-04-21 11:49:13,435 [INFO] Loading MeTTa library from /content/PeTTaChainer/pettachainer/metta/petta_chainer.metta
Not specialized DistMap2Formula_Spec_[+]/4
Not specialized DistMapFormula_Spec_[partial(lambda_12,[_57688])]/3
2026-04-21 11:49:31,163 [INFO] Loading MeTTa library from /content/PeTTaChainer/pettachainer/metta/petta_chainer.metta
Not specialized DistMap2Formula_Spec_[+]/4
Not specialized DistMapFormula_Spec_[partial(lambda_12,[_57688])]/3
Processed 37 / 56 examples:  66% 37/56 [14:56<06:38, 20.98s/it]2026-04-21 11:49:39,768 [INFO] Loading MeTTa library from /content/PeTTaChainer/pettachainer/metta/petta_chainer.metta
Not specialized DistMap2Formula_Spec_[+]/4
Not specialized DistMapFormula_Spec_[partial(lambda_12,[_57688])]/3
2026-04-21 11:50:07,821 [INFO] Loading MeTTa library from /content/PeTTaChainer/pettachainer/metta/petta_chainer.metta
Not specialized DistMap2Formula_Spec_[+]/4
Not specialized DistMapFormula_Spec_[partial(lambda_12,[_57688])]/3
Processed 41 / 56 examples:  73% 41/56 [16:08<03:59, 15.97s/it]2026-04-21 11:50:52,751 [INFO] Loading MeTTa library from /content/PeTTaChainer/pettachainer/metta/petta_chainer.metta
Not specialized DistMap2Formula_Spec_[+]/4
Not specialized DistMapFormula_Spec_[partial(lambda_12,[_57688])]/3
2026-04-21 11:51:01,730 [INFO] Loading MeTTa library from /content/PeTTaChainer/pettachainer/metta/petta_chainer.metta
Not specialized DistMap2Formula_Spec_[+]/4
Not specialized DistMapFormula_Spec_[partial(lambda_12,[_57688])]/3
Processed 42 / 56 examples:  75% 42/56 [16:38<04:44, 20.34s/it]2026-04-21 11:51:21,050 [INFO] Loading MeTTa library from /content/PeTTaChainer/pettachainer/metta/petta_chainer.metta
Not specialized DistMap2Formula_Spec_[+]/4
Not specialized DistMapFormula_Spec_[partial(lambda_12,[_57688])]/3
2026-04-21 11:51:32,724 [INFO] Loading MeTTa library from /content/PeTTaChainer/pettachainer/metta/petta_chainer.metta
Not specialized DistMap2Formula_Spec_[+]/4
Not specialized DistMapFormula_Spec_[partial(lambda_12,[_57688])]/3
Processed 43 / 56 examples:  77% 43/56 [16:55<04:09, 19.18s/it]2026-04-21 11:51:43,999 [INFO] Loading MeTTa library from /content/PeTTaChainer/pettachainer/metta/petta_chainer.metta
Not specialized DistMap2Formula_Spec_[+]/4
Not specialized DistMapFormula_Spec_[partial(lambda_12,[_57688])]/3
2026-04-21 11:51:53,085 [INFO] Loading MeTTa library from /content/PeTTaChainer/pettachainer/metta/petta_chainer.metta
Not specialized DistMap2Formula_Spec_[+]/4
Not specialized DistMapFormula_Spec_[partial(lambda_12,[_57688])]/3
2026-04-21 11:52:17,554 [INFO] Loading MeTTa library from /content/PeTTaChainer/pettachainer/metta/petta_chainer.metta
Not specialized DistMap2Formula_Spec_[+]/4
Not specialized DistMapFormula_Spec_[partial(lambda_12,[_57688])]/3
Processed 44 / 56 examples:  79% 44/56 [17:50<05:59, 29.98s/it]2026-04-21 11:52:43,629 [INFO] Loading MeTTa library from /content/PeTTaChainer/pettachainer/metta/petta_chainer.metta
Not specialized DistMap2Formula_Spec_[+]/4
Not specialized DistMapFormula_Spec_[partial(lambda_12,[_57688])]/3
Processed 47 / 56 examples:  84% 47/56 [18:32<02:50, 18.95s/it]2026-04-21 11:53:15,336 [INFO] Loading MeTTa library from /content/PeTTaChainer/pettachainer/metta/petta_chainer.metta
Not specialized DistMap2Formula_Spec_[+]/4
Not specialized DistMapFormula_Spec_[partial(lambda_12,[_57688])]/3
2026-04-21 11:53:24,411 [INFO] Loading MeTTa library from /content/PeTTaChainer/pettachainer/metta/petta_chainer.metta
Not specialized DistMap2Formula_Spec_[+]/4
Not specialized DistMapFormula_Spec_[partial(lambda_12,[_57688])]/3
Processed 50 / 56 examples:  89% 50/56 [19:14<01:27, 14.52s/it]2026-04-21 11:54:04,446 [INFO] Loading MeTTa library from /content/PeTTaChainer/pettachainer/metta/petta_chainer.metta
Not specialized DistMap2Formula_Spec_[+]/4
Not specialized DistMapFormula_Spec_[partial(lambda_12,[_57688])]/3
Processed 51 / 56 examples:  91% 51/56 [19:26<01:08, 13.79s/it]2026-04-21 11:54:24,742 [INFO] Loading MeTTa library from /content/PeTTaChainer/pettachainer/metta/petta_chainer.metta
Not specialized DistMap2Formula_Spec_[+]/4
Not specialized DistMapFormula_Spec_[partial(lambda_12,[_57688])]/3
Processed 54 / 56 examples:  96% 54/56 [20:03<00:22, 11.37s/it]2026-04-21 11:54:53,715 [INFO] Loading MeTTa library from /content/PeTTaChainer/pettachainer/metta/petta_chainer.metta
Not specialized DistMap2Formula_Spec_[+]/4
Not specialized DistMapFormula_Spec_[partial(lambda_12,[_57688])]/3
2026-04-21 11:55:27,423 [INFO] Loading MeTTa library from /content/PeTTaChainer/pettachainer/metta/petta_chainer.metta
Not specialized DistMap2Formula_Spec_[+]/4
Not specialized DistMapFormula_Spec_[partial(lambda_12,[_57688])]/3
Processed 56 / 56 examples: 100% 56/56 [21:46<00:00, 23.33s/it]
2026/04/21 11:56:25 INFO dspy.teleprompt.simba: Scores after 2 batches: [0.186125, 0.35, 0.20775, 0.435875, 0.158, 0.32337499999999997, 0.15975], Best: 0.435875

2026/04/21 11:56:25 INFO dspy.teleprompt.simba: Starting batch 3 of 8.
2026/04/21 11:56:26 INFO dspy.teleprompt.simba: Sampling program trajectories on 8 examples x 6 samples.
  0% 0/48 [00:00<?, ?it/s]2026-04-21 11:56:41,996 [INFO] Loading MeTTa library from /content/PeTTaChainer/pettachainer/metta/petta_chainer.metta
Not specialized DistMap2Formula_Spec_[+]/4
Not specialized DistMapFormula_Spec_[partial(lambda_12,[_57688])]/3
2026-04-21 11:56:58,348 [INFO] Loading MeTTa library from /content/PeTTaChainer/pettachainer/metta/petta_chainer.metta
Not specialized DistMap2Formula_Spec_[+]/4
Not specialized DistMapFormula_Spec_[partial(lambda_12,[_57688])]/3
Processed 1 / 48 examples:   2% 1/48 [00:36<28:55, 36.92s/it]2026-04-21 11:57:09,371 [INFO] Loading MeTTa library from /content/PeTTaChainer/pettachainer/metta/petta_chainer.metta
Not specialized DistMap2Formula_Spec_[+]/4
Not specialized DistMapFormula_Spec_[partial(lambda_12,[_57688])]/3
2026-04-21 11:57:18,374 [INFO] Loading MeTTa library from /content/PeTTaChainer/pettachainer/metta/petta_chainer.metta
Not specialized DistMap2Formula_Spec_[+]/4
Not specialized DistMapFormula_Spec_[partial(lambda_12,[_57688])]/3
Processed 2 / 48 examples:   4% 2/48 [00:59<22:01, 28.72s/it]2026-04-21 11:57:27,918 [INFO] Loading MeTTa library from /content/PeTTaChainer/pettachainer/metta/petta_chainer.metta
Not specialized DistMap2Formula_Spec_[+]/4
Not specialized DistMapFormula_Spec_[partial(lambda_12,[_57688])]/3
Processed 4 / 48 examples:   8% 4/48 [01:33<14:19, 19.53s/it]2026-04-21 11:58:08,052 [INFO] Loading MeTTa library from /content/PeTTaChainer/pettachainer/metta/petta_chainer.metta
Not specialized DistMap2Formula_Spec_[+]/4
Not specialized DistMapFormula_Spec_[partial(lambda_12,[_57688])]/3
2026-04-21 11:58:17,607 [INFO] Loading MeTTa library from /content/PeTTaChainer/pettachainer/metta/petta_chainer.metta
Not specialized DistMap2Formula_Spec_[+]/4
Not specialized DistMapFormula_Spec_[partial(lambda_12,[_57688])]/3
Processed 8 / 48 examples:  17% 8/48 [02:10<06:20,  9.52s/it]2026-04-21 11:59:10,336 [INFO] Loading MeTTa library from /content/PeTTaChainer/pettachainer/metta/petta_chainer.metta
Not specialized DistMap2Formula_Spec_[+]/4
Not specialized DistMapFormula_Spec_[partial(lambda_12,[_57688])]/3
2026-04-21 11:59:22,596 [INFO] Loading MeTTa library from /content/PeTTaChainer/pettachainer/metta/petta_chainer.metta
Not specialized DistMap2Formula_Spec_[+]/4
Not specialized DistMapFormula_Spec_[partial(lambda_12,[_57688])]/3
2026-04-21 11:59:31,756 [INFO] Loading MeTTa library from /content/PeTTaChainer/pettachainer/metta/petta_chainer.metta
Not specialized DistMap2Formula_Spec_[+]/4
Not specialized DistMapFormula_Spec_[partial(lambda_12,[_57688])]/3
Processed 9 / 48 examples:  19% 9/48 [03:10<16:23, 25.21s/it]2026-04-21 11:59:40,636 [INFO] Loading MeTTa library from /content/PeTTaChainer/pettachainer/metta/petta_chainer.metta
Not specialized DistMap2Formula_Spec_[+]/4
Not specialized DistMapFormula_Spec_[partial(lambda_12,[_57688])]/3
2026-04-21 12:00:05,578 [INFO] Loading MeTTa library from /content/PeTTaChainer/pettachainer/metta/petta_chainer.metta
Not specialized DistMap2Formula_Spec_[+]/4
Not specialized DistMapFormula_Spec_[partial(lambda_12,[_57688])]/3
Processed 10 / 48 examples:  21% 10/48 [03:55<19:49, 31.31s/it]2026-04-21 12:00:26,295 [INFO] Loading MeTTa library from /content/PeTTaChainer/pettachainer/metta/petta_chainer.metta
Not specialized DistMap2Formula_Spec_[+]/4
Not specialized DistMapFormula_Spec_[partial(lambda_12,[_57688])]/3
Processed 12 / 48 examples:  25% 12/48 [04:07<10:52, 18.13s/it]2026-04-21 12:00:43,848 [INFO] Loading MeTTa library from /content/PeTTaChainer/pettachainer/metta/petta_chainer.metta
Processed 15 / 48 examples:  31% 15/48 [04:28<05:49, 10.60s/it]2026-04-21 12:01:06,283 [INFO] Loading MeTTa library from /content/PeTTaChainer/pettachainer/metta/petta_chainer.metta
Not specialized DistMap2Formula_Spec_[+]/4
Not specialized DistMapFormula_Spec_[partial(lambda_12,[_57688])]/3
2026-04-21 12:01:19,464 [INFO] Loading MeTTa library from /content/PeTTaChainer/pettachainer/metta/petta_chainer.metta
Not specialized DistMap2Formula_Spec_[+]/4
Not specialized DistMapFormula_Spec_[partial(lambda_12,[_57688])]/3
Processed 23 / 48 examples:  48% 23/48 [06:14<03:36,  8.66s/it]2026-04-21 12:02:50,146 [INFO] Loading MeTTa library from /content/PeTTaChainer/pettachainer/metta/petta_chainer.metta
Not specialized DistMap2Formula_Spec_[+]/4
Not specialized DistMapFormula_Spec_[partial(lambda_12,[_57688])]/3
Processed 24 / 48 examples:  50% 24/48 [06:25<03:46,  9.44s/it]2026-04-21 12:02:58,898 [INFO] Loading MeTTa library from /content/PeTTaChainer/pettachainer/metta/petta_chainer.metta
Not specialized DistMap2Formula_Spec_[+]/4
Not specialized DistMapFormula_Spec_[partial(lambda_12,[_57688])]/3
Processed 25 / 48 examples:  52% 25/48 [07:14<08:06, 21.17s/it]2026-04-21 12:04:03,141 [INFO] Loading MeTTa library from /content/PeTTaChainer/pettachainer/metta/petta_chainer.metta
Not specialized DistMap2Formula_Spec_[+]/4
Not specialized DistMapFormula_Spec_[partial(lambda_12,[_57688])]/3
2026-04-21 12:04:14,715 [INFO] Loading MeTTa library from /content/PeTTaChainer/pettachainer/metta/petta_chainer.metta
Processed 26 / 48 examples:  54% 26/48 [07:48<09:10, 25.04s/it]2026-04-21 12:04:17,697 [INFO] Loading MeTTa library from /content/PeTTaChainer/pettachainer/metta/petta_chainer.metta
Processed 32 / 48 examples:  67% 32/48 [08:39<02:32,  9.53s/it]2026-04-21 12:05:18,398 [INFO] Loading MeTTa library from /content/PeTTaChainer/pettachainer/metta/petta_chainer.metta
Not specialized DistMap2Formula_Spec_[+]/4
Not specialized DistMapFormula_Spec_[partial(lambda_12,[_57688])]/3
2026-04-21 12:05:48,632 [INFO] Loading MeTTa library from /content/PeTTaChainer/pettachainer/metta/petta_chainer.metta
Not specialized DistMap2Formula_Spec_[+]/4
Not specialized DistMapFormula_Spec_[partial(lambda_12,[_57688])]/3
Processed 34 / 48 examples:  71% 34/48 [09:24<03:17, 14.09s/it]2026-04-21 12:05:55,432 [INFO] Loading MeTTa library from /content/PeTTaChainer/pettachainer/metta/petta_chainer.metta
Processed 37 / 48 examples:  77% 37/48 [09:53<01:59, 10.83s/it]2026-04-21 12:06:34,674 [INFO] Loading MeTTa library from /content/PeTTaChainer/pettachainer/metta/petta_chainer.metta
Not specialized DistMap2Formula_Spec_[+]/4
Not specialized DistMapFormula_Spec_[partial(lambda_12,[_57688])]/3
Processed 40 / 48 examples:  83% 40/48 [10:30<01:19,  9.95s/it]2026-04-21 12:07:35,059 [INFO] Loading MeTTa library from /content/PeTTaChainer/pettachainer/metta/petta_chainer.metta
Not specialized DistMap2Formula_Spec_[+]/4
Not specialized DistMapFormula_Spec_[partial(lambda_12,[_57688])]/3
Processed 41 / 48 examples:  85% 41/48 [11:11<02:15, 19.29s/it]2026-04-21 12:07:43,617 [INFO] Loading MeTTa library from /content/PeTTaChainer/pettachainer/metta/petta_chainer.metta
Not specialized DistMap2Formula_Spec_[+]/4
Not specialized DistMapFormula_Spec_[partial(lambda_12,[_57688])]/3
Processed 44 / 48 examples:  92% 44/48 [11:43<00:53, 13.27s/it]2026-04-21 12:08:15,655 [INFO] Loading MeTTa library from /content/PeTTaChainer/pettachainer/metta/petta_chainer.metta
Not specialized DistMap2Formula_Spec_[+]/4
Not specialized DistMapFormula_Spec_[partial(lambda_12,[_57688])]/3
2026-04-21 12:08:36,096 [INFO] Loading MeTTa library from /content/PeTTaChainer/pettachainer/metta/petta_chainer.metta
Not specialized DistMap2Formula_Spec_[+]/4
Not specialized DistMapFormula_Spec_[partial(lambda_12,[_57688])]/3
2026-04-21 12:08:46,229 [INFO] Loading MeTTa library from /content/PeTTaChainer/pettachainer/metta/petta_chainer.metta
Not specialized DistMap2Formula_Spec_[+]/4
Not specialized DistMapFormula_Spec_[partial(lambda_12,[_57688])]/3
Processed 47 / 48 examples:  98% 47/48 [12:36<00:13, 13.54s/it]2026-04-21 12:10:17,393 [INFO] Loading MeTTa library from /content/PeTTaChainer/pettachainer/metta/petta_chainer.metta
Not specialized DistMap2Formula_Spec_[+]/4
Not specialized DistMapFormula_Spec_[partial(lambda_12,[_57688])]/3
Processed 48 / 48 examples: 100% 48/48 [13:56<00:00, 17.42s/it]
2026/04/21 12:10:22 INFO dspy.teleprompt.simba: Batch 3: Baseline mini-batch score: 0.12008333333333333

2026/04/21 12:10:22 INFO dspy.teleprompt.simba: Batch 3: Processing bucket #1, with max score 0.98, max-to-min gap 0.978, and max-to-avg gap 0.6533333333333333.
2026/04/21 12:10:22 INFO dspy.teleprompt.simba: Batch 3: Invoking strategy: append_a_demo_
2026/04/21 12:10:22 INFO dspy.teleprompt.simba_utils: Added 1 demos (one each) across all predictors.
2026/04/21 12:10:22 INFO dspy.teleprompt.simba: 

2026/04/21 12:10:22 INFO dspy.teleprompt.simba: Batch 3: Processing bucket #2, with max score 0.69, max-to-min gap 0.6849999999999999, and max-to-avg gap 0.5705.
2026/04/21 12:10:22 INFO dspy.teleprompt.simba: Batch 3: Invoking strategy: append_a_rule
2026/04/21 12:10:33 INFO dspy.teleprompt.simba_utils: Advice for nl2pln.predict: If the input sentence contains a conjunction of objects with multiple descriptive properties (for example, 'bright red ball' and 'bright light'), then preserve every salient property as its own statement and keep the object identity consistent across them. If the question asks for a category like 'bright objects', then generate a query in the exact PLN-light pattern form `(: $prf (Bright $obj) $tv)` and, when the context also contains another relevant attribute that the expected answer may surface (such as color), add a second query for that attribute as well, e.g. `(: $prf (Red $obj) $tv)`. Do not collapse color into brightness, do not invent new predicates, and do not return only one attribute query when the sentence clearly contains multiple retrievable properties.
2026/04/21 12:10:33 INFO dspy.teleprompt.simba: 

2026/04/21 12:10:33 INFO dspy.teleprompt.simba: Batch 3: Processing bucket #3, with max score 0.4166666666666667, max-to-min gap 0.4136666666666667, and max-to-avg gap 0.2791666666666667.
2026/04/21 12:10:33 INFO dspy.teleprompt.simba: Batch 3: Invoking strategy: append_a_demo_
2026/04/21 12:10:33 INFO dspy.teleprompt.simba_utils: Added 1 demos (one each) across all predictors.
2026/04/21 12:10:33 INFO dspy.teleprompt.simba: 

2026/04/21 12:10:33 INFO dspy.teleprompt.simba: Batch 3: Processing bucket #4, with max score 0.38, max-to-min gap 0.378, and max-to-avg gap 0.133.
2026/04/21 12:10:33 INFO dspy.teleprompt.simba: Batch 3: Invoking strategy: append_a_rule
2026/04/21 12:10:46 INFO dspy.teleprompt.simba_utils: Advice for nl2pln.predict: If the input sentence contains an adjective+noun phrase like 'hot food', then represent it as two pieces of structure: a food entity and an attribute fact (for example, a fact like `HasAttribute food hot`), rather than inventing one opaque constant such as `hotFood`. If the question asks 'What attribute does X have that Y likes?', then do not query the raw fact directly; instead, add a compact helper rule that combines the liking relation with the attribute fact, e.g. `Likes Bob $food` plus `HasAttribute $food $attr` -> `BobLikesFoodAttribute Bob $attr`, and query that helper predicate with a single atomic pattern. Keep the query in valid PLN light form, with exactly one atomic type pattern and a variable in the answer slot, and prefer reusing the same predicate names that appear in context.
2026/04/21 12:10:46 INFO dspy.teleprompt.simba: 

2026/04/21 12:10:46 INFO dspy.teleprompt.simba: Batch 3: Processing bucket #5, with max score 0.15, max-to-min gap 0.15, and max-to-avg gap 0.12333333333333332.
2026/04/21 12:10:46 INFO dspy.teleprompt.simba: Batch 3: Invoking strategy: append_a_rule
2026/04/21 12:11:06 INFO dspy.teleprompt.simba_utils: Advice for nl2pln.predict: If the input contains comparative facts like “X is bigger than Y” or “X is smaller than Y”, then always emit them as fully valid PLN statements with the exact outer wrapper `(: id (GreaterThan X Y) (STV 1.0 1.0))`; never use a bare `: ...` form. Keep entity symbols consistent across all sentences and the query, so the same object is represented by the same token everywhere. If the question is phrased as “Is A smaller than B?”, translate it into the reversed query `(: $q (GreaterThan B A) $tv)` rather than querying a separate “smaller than” predicate. And if answering the question requires chaining two or more `GreaterThan` facts, include a transitivity rule once in the returned statements, e.g. `(: gtTransitive (Implication (Premises (GreaterThan $a $b) (GreaterThan $b $c)) (Conclusions (GreaterThan $a $c))) (STV 1.0 1.0))`, so the prover can derive the final relation instead of needing it to be explicit.
2026/04/21 12:11:06 INFO dspy.teleprompt.simba: 

2026/04/21 12:11:06 INFO dspy.teleprompt.simba: Batch 3: Processing bucket #6, with max score 0.12, max-to-min gap 0.119, and max-to-avg gap 0.07899999999999999.
2026/04/21 12:11:06 INFO dspy.teleprompt.simba: Batch 3: Invoking strategy: append_a_demo_, having dropped 1 demos per predictor
2026/04/21 12:11:06 INFO dspy.teleprompt.simba_utils: Added 1 demos (one each) across all predictors.
2026/04/21 12:11:06 INFO dspy.teleprompt.simba: 

2026/04/21 12:11:06 INFO dspy.teleprompt.simba: Batch 3: Processing bucket #7, with max score 0.1, max-to-min gap 0.099, and max-to-avg gap 0.055999999999999994.
2026/04/21 12:11:06 INFO dspy.teleprompt.simba: Batch 3: Invoking strategy: append_a_demo_
2026/04/21 12:11:06 INFO dspy.teleprompt.simba_utils: Added 1 demos (one each) across all predictors.
2026/04/21 12:11:06 INFO dspy.teleprompt.simba: 

2026/04/21 12:11:06 INFO dspy.teleprompt.simba: Batch 3: Evaluating 7 programs on 8 examples.
  0% 0/56 [00:00<?, ?it/s]2026-04-21 12:11:21,435 [INFO] Loading MeTTa library from /content/PeTTaChainer/pettachainer/metta/petta_chainer.metta
Not specialized DistMap2Formula_Spec_[+]/4
Not specialized DistMapFormula_Spec_[partial(lambda_12,[_57688])]/3
2026-04-21 12:11:41,161 [INFO] Loading MeTTa library from /content/PeTTaChainer/pettachainer/metta/petta_chainer.metta
Not specialized DistMap2Formula_Spec_[+]/4
Not specialized DistMapFormula_Spec_[partial(lambda_12,[_57688])]/3
Processed 2 / 56 examples:   4% 2/56 [00:41<16:04, 17.87s/it]2026-04-21 12:11:47,731 [INFO] Loading MeTTa library from /content/PeTTaChainer/pettachainer/metta/petta_chainer.metta
Not specialized DistMap2Formula_Spec_[+]/4
Not specialized DistMapFormula_Spec_[partial(lambda_12,[_57688])]/3
Processed 3 / 56 examples:   5% 3/56 [00:43<09:19, 10.56s/it]2026-04-21 12:11:59,403 [INFO] Loading MeTTa library from /content/PeTTaChainer/pettachainer/metta/petta_chainer.metta
Not specialized DistMap2Formula_Spec_[+]/4
Not specialized DistMapFormula_Spec_[partial(lambda_12,[_57688])]/3
Processed 4 / 56 examples:   7% 4/56 [00:54<09:27, 10.91s/it]2026-04-21 12:12:08,895 [INFO] Loading MeTTa library from /content/PeTTaChainer/pettachainer/metta/petta_chainer.metta
Not specialized DistMap2Formula_Spec_[+]/4
Not specialized DistMapFormula_Spec_[partial(lambda_12,[_57688])]/3
Processed 6 / 56 examples:  11% 6/56 [01:23<09:43, 11.68s/it]2026-04-21 12:12:42,482 [INFO] Loading MeTTa library from /content/PeTTaChainer/pettachainer/metta/petta_chainer.metta
Not specialized DistMap2Formula_Spec_[+]/4
Not specialized DistMapFormula_Spec_[partial(lambda_12,[_57688])]/3
Processed 8 / 56 examples:  14% 8/56 [01:57<11:32, 14.42s/it]2026-04-21 12:13:13,906 [INFO] Loading MeTTa library from /content/PeTTaChainer/pettachainer/metta/petta_chainer.metta
Not specialized DistMap2Formula_Spec_[+]/4
Not specialized DistMapFormula_Spec_[partial(lambda_12,[_57688])]/3
2026-04-21 12:13:31,491 [INFO] Loading MeTTa library from /content/PeTTaChainer/pettachainer/metta/petta_chainer.metta
Not specialized DistMap2Formula_Spec_[+]/4
Not specialized DistMapFormula_Spec_[partial(lambda_12,[_57688])]/3
Processed 9 / 56 examples:  16% 9/56 [02:32<16:08, 20.60s/it]2026-04-21 12:13:41,292 [INFO] Loading MeTTa library from /content/PeTTaChainer/pettachainer/metta/petta_chainer.metta
Not specialized DistMap2Formula_Spec_[+]/4
Not specialized DistMapFormula_Spec_[partial(lambda_12,[_57688])]/3
2026-04-21 12:13:49,859 [INFO] Loading MeTTa library from /content/PeTTaChainer/pettachainer/metta/petta_chainer.metta
Not specialized DistMap2Formula_Spec_[+]/4
Not specialized DistMapFormula_Spec_[partial(lambda_12,[_57688])]/3
2026-04-21 12:14:02,438 [INFO] Loading MeTTa library from /content/PeTTaChainer/pettachainer/metta/petta_chainer.metta
Not specialized DistMap2Formula_Spec_[+]/4
Not specialized DistMapFormula_Spec_[partial(lambda_12,[_57688])]/3
2026-04-21 12:14:47,503 [INFO] Loading MeTTa library from /content/PeTTaChainer/pettachainer/metta/petta_chainer.metta
Not specialized DistMap2Formula_Spec_[+]/4
Not specialized DistMapFormula_Spec_[partial(lambda_12,[_57688])]/3
Processed 17 / 56 examples:  30% 17/56 [04:49<06:48, 10.47s/it]2026-04-21 12:16:00,170 [INFO] Loading MeTTa library from /content/PeTTaChainer/pettachainer/metta/petta_chainer.metta
Processed 18 / 56 examples:  32% 18/56 [04:54<05:38,  8.92s/it]2026-04-21 12:16:21,750 [INFO] Loading MeTTa library from /content/PeTTaChainer/pettachainer/metta/petta_chainer.metta
Not specialized DistMap2Formula_Spec_[+]/4
Not specialized DistMapFormula_Spec_[partial(lambda_12,[_57688])]/3
Processed 21 / 56 examples:  38% 21/56 [05:29<05:30,  9.44s/it]2026-04-21 12:16:40,198 [INFO] Loading MeTTa library from /content/PeTTaChainer/pettachainer/metta/petta_chainer.metta
Not specialized DistMap2Formula_Spec_[+]/4
Not specialized DistMapFormula_Spec_[partial(lambda_12,[_57688])]/3
Processed 22 / 56 examples:  39% 22/56 [05:35<04:53,  8.64s/it]2026-04-21 12:16:52,840 [INFO] Loading MeTTa library from /content/PeTTaChainer/pettachainer/metta/petta_chainer.metta
Processed 24 / 56 examples:  43% 24/56 [05:49<03:55,  7.37s/it]2026-04-21 12:17:17,105 [INFO] Loading MeTTa library from /content/PeTTaChainer/pettachainer/metta/petta_chainer.metta
Not specialized DistMap2Formula_Spec_[+]/4
Not specialized DistMapFormula_Spec_[partial(lambda_12,[_57688])]/3
Processed 25 / 56 examples:  45% 25/56 [06:18<07:04, 13.69s/it]2026-04-21 12:17:44,516 [INFO] Loading MeTTa library from /content/PeTTaChainer/pettachainer/metta/petta_chainer.metta
Not specialized DistMap2Formula_Spec_[+]/4
Not specialized DistMapFormula_Spec_[partial(lambda_12,[_57688])]/3
2026-04-21 12:18:17,577 [INFO] Loading MeTTa library from /content/PeTTaChainer/pettachainer/metta/petta_chainer.metta
Not specialized DistMap2Formula_Spec_[+]/4
Not specialized DistMapFormula_Spec_[partial(lambda_12,[_57688])]/3
Processed 27 / 56 examples:  48% 27/56 [07:16<09:19, 19.28s/it]2026-04-21 12:18:23,143 [INFO] Loading MeTTa library from /content/PeTTaChainer/pettachainer/metta/petta_chainer.metta
Not specialized DistMap2Formula_Spec_[+]/4
Not specialized DistMapFormula_Spec_[partial(lambda_12,[_57688])]/3
Processed 29 / 56 examples:  52% 29/56 [08:01<10:10, 22.62s/it]2026-04-21 12:19:11,274 [INFO] Loading MeTTa library from /content/PeTTaChainer/pettachainer/metta/petta_chainer.metta
Processed 30 / 56 examples:  54% 30/56 [08:05<07:24, 17.08s/it]2026-04-21 12:19:29,408 [INFO] Loading MeTTa library from /content/PeTTaChainer/pettachainer/metta/petta_chainer.metta
Processed 32 / 56 examples:  57% 32/56 [08:27<05:22, 13.42s/it]2026-04-21 12:19:46,197 [INFO] Loading MeTTa library from /content/PeTTaChainer/pettachainer/metta/petta_chainer.metta
Not specialized DistMap2Formula_Spec_[+]/4
Not specialized DistMapFormula_Spec_[partial(lambda_12,[_57688])]/3
Processed 33 / 56 examples:  59% 33/56 [08:41<05:11, 13.56s/it]2026-04-21 12:19:56,289 [INFO] Loading MeTTa library from /content/PeTTaChainer/pettachainer/metta/petta_chainer.metta
Not specialized DistMap2Formula_Spec_[+]/4
Not specialized DistMapFormula_Spec_[partial(lambda_12,[_57688])]/3
Processed 40 / 56 examples:  71% 40/56 [09:52<02:25,  9.06s/it]2026-04-21 12:21:02,841 [INFO] Loading MeTTa library from /content/PeTTaChainer/pettachainer/metta/petta_chainer.metta
Not specialized DistMap2Formula_Spec_[+]/4
Not specialized DistMapFormula_Spec_[partial(lambda_12,[_57688])]/3
Processed 41 / 56 examples:  73% 41/56 [09:57<01:57,  7.81s/it]2026-04-21 12:21:22,272 [INFO] Loading MeTTa library from /content/PeTTaChainer/pettachainer/metta/petta_chainer.metta
Not specialized DistMap2Formula_Spec_[+]/4
Not specialized DistMapFormula_Spec_[partial(lambda_12,[_57688])]/3
2026-04-21 12:21:32,970 [INFO] Loading MeTTa library from /content/PeTTaChainer/pettachainer/metta/petta_chainer.metta
Processed 42 / 56 examples:  75% 42/56 [10:27<03:21, 14.40s/it]2026-04-21 12:21:38,551 [INFO] Loading MeTTa library from /content/PeTTaChainer/pettachainer/metta/petta_chainer.metta
Not specialized DistMap2Formula_Spec_[+]/4
Not specialized DistMapFormula_Spec_[partial(lambda_12,[_57688])]/3
Processed 43 / 56 examples:  77% 43/56 [10:32<02:31, 11.65s/it]2026-04-21 12:21:47,145 [INFO] Loading MeTTa library from /content/PeTTaChainer/pettachainer/metta/petta_chainer.metta
Not specialized DistMap2Formula_Spec_[+]/4
Not specialized DistMapFormula_Spec_[partial(lambda_12,[_57688])]/3
2026-04-21 12:22:00,630 [INFO] Loading MeTTa library from /content/PeTTaChainer/pettachainer/metta/petta_chainer.metta
Not specialized DistMap2Formula_Spec_[+]/4
Not specialized DistMapFormula_Spec_[partial(lambda_12,[_57688])]/3
2026-04-21 12:22:12,602 [INFO] Loading MeTTa library from /content/PeTTaChainer/pettachainer/metta/petta_chainer.metta
Processed 44 / 56 examples:  79% 44/56 [11:06<03:39, 18.30s/it]Not specialized DistMap2Formula_Spec_[+]/4
Not specialized DistMapFormula_Spec_[partial(lambda_12,[_57688])]/3
Processed 48 / 56 examples:  86% 48/56 [11:43<01:38, 12.30s/it]2026-04-21 12:22:51,676 [INFO] Loading MeTTa library from /content/PeTTaChainer/pettachainer/metta/petta_chainer.metta
Not specialized DistMap2Formula_Spec_[+]/4
Not specialized DistMapFormula_Spec_[partial(lambda_12,[_57688])]/3
2026-04-21 12:23:03,677 [INFO] Loading MeTTa library from /content/PeTTaChainer/pettachainer/metta/petta_chainer.metta
Not specialized DistMap2Formula_Spec_[+]/4
Not specialized DistMapFormula_Spec_[partial(lambda_12,[_57688])]/3
Processed 52 / 56 examples:  93% 52/56 [12:18<00:35,  8.77s/it]2026-04-21 12:23:30,174 [INFO] Loading MeTTa library from /content/PeTTaChainer/pettachainer/metta/petta_chainer.metta
Not specialized DistMap2Formula_Spec_[+]/4
Not specialized DistMapFormula_Spec_[partial(lambda_12,[_57688])]/3
Processed 53 / 56 examples:  95% 53/56 [12:24<00:24,  8.06s/it]2026-04-21 12:23:42,813 [INFO] Loading MeTTa library from /content/PeTTaChainer/pettachainer/metta/petta_chainer.metta
Not specialized DistMap2Formula_Spec_[+]/4
Not specialized DistMapFormula_Spec_[partial(lambda_12,[_57688])]/3
Processed 54 / 56 examples:  96% 54/56 [12:38<00:19,  9.65s/it]2026-04-21 12:23:49,149 [INFO] Loading MeTTa library from /content/PeTTaChainer/pettachainer/metta/petta_chainer.metta
Processed 55 / 56 examples:  98% 55/56 [12:43<00:08,  8.18s/it]2026-04-21 12:23:57,858 [INFO] Loading MeTTa library from /content/PeTTaChainer/pettachainer/metta/petta_chainer.metta
Not specialized DistMap2Formula_Spec_[+]/4
Not specialized DistMapFormula_Spec_[partial(lambda_12,[_57688])]/3
Processed 56 / 56 examples: 100% 56/56 [13:18<00:00, 14.26s/it]
2026/04/21 12:24:24 INFO dspy.teleprompt.simba: Scores after 3 batches: [0.2185, 0.3115, 0.0025, 0.139875, 0.03975, 0.12725, 0.0705], Best: 0.3115

2026/04/21 12:24:24 INFO dspy.teleprompt.simba: Starting batch 4 of 8.
2026/04/21 12:24:26 INFO dspy.teleprompt.simba: Sampling program trajectories on 8 examples x 6 samples.
  0% 0/48 [00:00<?, ?it/s]2026-04-21 12:24:33,554 [INFO] Loading MeTTa library from /content/PeTTaChainer/pettachainer/metta/petta_chainer.metta
Not specialized DistMap2Formula_Spec_[+]/4
Not specialized DistMapFormula_Spec_[partial(lambda_12,[_57688])]/3
Processed 3 / 48 examples:   6% 3/48 [00:27<06:02,  8.06s/it]2026-04-21 12:25:01,004 [INFO] Loading MeTTa library from /content/PeTTaChainer/pettachainer/metta/petta_chainer.metta
Not specialized DistMap2Formula_Spec_[+]/4
Not specialized DistMapFormula_Spec_[partial(lambda_12,[_57688])]/3
Processed 4 / 48 examples:   8% 4/48 [00:42<07:54, 10.77s/it]2026-04-21 12:25:34,202 [INFO] Loading MeTTa library from /content/PeTTaChainer/pettachainer/metta/petta_chainer.metta
Not specialized DistMap2Formula_Spec_[+]/4
Not specialized DistMapFormula_Spec_[partial(lambda_12,[_57688])]/3
2026-04-21 12:25:56,751 [INFO] Loading MeTTa library from /content/PeTTaChainer/pettachainer/metta/petta_chainer.metta
Not specialized DistMap2Formula_Spec_[+]/4
Not specialized DistMapFormula_Spec_[partial(lambda_12,[_57688])]/3
Processed 5 / 48 examples:  10% 5/48 [01:40<19:58, 27.88s/it]2026-04-21 12:26:24,127 [INFO] Loading MeTTa library from /content/PeTTaChainer/pettachainer/metta/petta_chainer.metta
Not specialized DistMap2Formula_Spec_[+]/4
Not specialized DistMapFormula_Spec_[partial(lambda_12,[_57688])]/3
Processed 6 / 48 examples:  12% 6/48 [02:05<18:43, 26.75s/it]2026-04-21 12:26:48,867 [INFO] Loading MeTTa library from /content/PeTTaChainer/pettachainer/metta/petta_chainer.metta
Not specialized DistMap2Formula_Spec_[+]/4
Not specialized DistMapFormula_Spec_[partial(lambda_12,[_57688])]/3
Processed 7 / 48 examples:  15% 7/48 [02:23<16:23, 24.00s/it]2026-04-21 12:26:57,362 [INFO] Loading MeTTa library from /content/PeTTaChainer/pettachainer/metta/petta_chainer.metta
Not specialized DistMap2Formula_Spec_[+]/4
Not specialized DistMapFormula_Spec_[partial(lambda_12,[_57688])]/3
Processed 9 / 48 examples:  19% 9/48 [02:42<10:18, 15.85s/it]2026-04-21 12:27:11,356 [INFO] Loading MeTTa library from /content/PeTTaChainer/pettachainer/metta/petta_chainer.metta
Processed 10 / 48 examples:  21% 10/48 [02:45<07:26, 11.75s/it]2026-04-21 12:27:32,776 [INFO] Loading MeTTa library from /content/PeTTaChainer/pettachainer/metta/petta_chainer.metta
Not specialized DistMap2Formula_Spec_[+]/4
Not specialized DistMapFormula_Spec_[partial(lambda_12,[_57688])]/3
2026-04-21 12:27:43,631 [INFO] Loading MeTTa library from /content/PeTTaChainer/pettachainer/metta/petta_chainer.metta
Not specialized DistMap2Formula_Spec_[+]/4
Not specialized DistMapFormula_Spec_[partial(lambda_12,[_57688])]/3
Processed 11 / 48 examples:  23% 11/48 [03:17<11:09, 18.10s/it]2026-04-21 12:27:47,979 [INFO] Loading MeTTa library from /content/PeTTaChainer/pettachainer/metta/petta_chainer.metta
Not specialized DistMap2Formula_Spec_[+]/4
Not specialized DistMapFormula_Spec_[partial(lambda_12,[_57688])]/3
Processed 12 / 48 examples:  25% 12/48 [03:22<08:27, 14.10s/it]2026-04-21 12:28:07,995 [INFO] Loading MeTTa library from /content/PeTTaChainer/pettachainer/metta/petta_chainer.metta
Processed 14 / 48 examples:  29% 14/48 [03:46<06:56, 12.25s/it]2026-04-21 12:28:18,158 [INFO] Loading MeTTa library from /content/PeTTaChainer/pettachainer/metta/petta_chainer.metta
Not specialized DistMap2Formula_Spec_[+]/4
Not specialized DistMapFormula_Spec_[partial(lambda_12,[_57688])]/3
Processed 15 / 48 examples:  31% 15/48 [03:53<05:51, 10.66s/it]2026-04-21 12:28:38,507 [INFO] Loading MeTTa library from /content/PeTTaChainer/pettachainer/metta/petta_chainer.metta
Not specialized DistMap2Formula_Spec_[+]/4
Not specialized DistMapFormula_Spec_[partial(lambda_12,[_57688])]/3
2026-04-21 12:28:46,865 [INFO] Loading MeTTa library from /content/PeTTaChainer/pettachainer/metta/petta_chainer.metta
Not specialized DistMap2Formula_Spec_[+]/4
Not specialized DistMapFormula_Spec_[partial(lambda_12,[_57688])]/3
Processed 16 / 48 examples:  33% 16/48 [04:21<08:33, 16.05s/it]2026-04-21 12:28:58,160 [INFO] Loading MeTTa library from /content/PeTTaChainer/pettachainer/metta/petta_chainer.metta
Not specialized DistMap2Formula_Spec_[+]/4
Not specialized DistMapFormula_Spec_[partial(lambda_12,[_57688])]/3
Processed 18 / 48 examples:  38% 18/48 [04:55<08:18, 16.62s/it]2026-04-21 12:29:55,913 [INFO] Loading MeTTa library from /content/PeTTaChainer/pettachainer/metta/petta_chainer.metta
Not specialized DistMap2Formula_Spec_[+]/4
Not specialized DistMapFormula_Spec_[partial(lambda_12,[_57688])]/3
Processed 19 / 48 examples:  40% 19/48 [05:30<10:44, 22.23s/it]2026-04-21 12:30:01,748 [INFO] Loading MeTTa library from /content/PeTTaChainer/pettachainer/metta/petta_chainer.metta
Processed 20 / 48 examples:  42% 20/48 [05:35<07:54, 16.93s/it]2026-04-21 12:30:08,905 [INFO] Loading MeTTa library from /content/PeTTaChainer/pettachainer/metta/petta_chainer.metta
Not specialized DistMap2Formula_Spec_[+]/4
Not specialized DistMapFormula_Spec_[partial(lambda_12,[_57688])]/3
Processed 21 / 48 examples:  44% 21/48 [05:43<06:26, 14.32s/it]2026-04-21 12:30:26,826 [INFO] Loading MeTTa library from /content/PeTTaChainer/pettachainer/metta/petta_chainer.metta
Not specialized DistMap2Formula_Spec_[+]/4
Not specialized DistMapFormula_Spec_[partial(lambda_12,[_57688])]/3
2026-04-21 12:30:38,104 [INFO] Loading MeTTa library from /content/PeTTaChainer/pettachainer/metta/petta_chainer.metta
Not specialized DistMap2Formula_Spec_[+]/4
Not specialized DistMapFormula_Spec_[partial(lambda_12,[_57688])]/3
Processed 22 / 48 examples:  46% 22/48 [06:19<09:02, 20.88s/it]2026-04-21 12:31:01,534 [INFO] Loading MeTTa library from /content/PeTTaChainer/pettachainer/metta/petta_chainer.metta
Not specialized DistMap2Formula_Spec_[+]/4
Not specialized DistMapFormula_Spec_[partial(lambda_12,[_57688])]/3
Processed 24 / 48 examples:  50% 24/48 [06:56<07:38, 19.10s/it]2026-04-21 12:31:25,318 [INFO] Loading MeTTa library from /content/PeTTaChainer/pettachainer/metta/petta_chainer.metta
Not specialized DistMap2Formula_Spec_[+]/4
Not specialized DistMapFormula_Spec_[partial(lambda_12,[_57688])]/3
Processed 25 / 48 examples:  52% 25/48 [07:21<08:00, 20.89s/it]2026-04-21 12:31:50,499 [INFO] Loading MeTTa library from /content/PeTTaChainer/pettachainer/metta/petta_chainer.metta
Not specialized DistMap2Formula_Spec_[+]/4
Not specialized DistMapFormula_Spec_[partial(lambda_12,[_57688])]/3
2026-04-21 12:31:59,943 [INFO] Loading MeTTa library from /content/PeTTaChainer/pettachainer/metta/petta_chainer.metta
Not specialized DistMap2Formula_Spec_[+]/4
Not specialized DistMapFormula_Spec_[partial(lambda_12,[_57688])]/3
2026-04-21 12:32:13,449 [INFO] Loading MeTTa library from /content/PeTTaChainer/pettachainer/metta/petta_chainer.metta
Not specialized DistMap2Formula_Spec_[+]/4
Not specialized DistMapFormula_Spec_[partial(lambda_12,[_57688])]/3
2026-04-21 12:32:22,881 [INFO] Loading MeTTa library from /content/PeTTaChainer/pettachainer/metta/petta_chainer.metta
Not specialized DistMap2Formula_Spec_[+]/4
Not specialized DistMapFormula_Spec_[partial(lambda_12,[_57688])]/3
Processed 26 / 48 examples:  54% 26/48 [07:58<09:25, 25.68s/it]2026-04-21 12:32:32,233 [INFO] Loading MeTTa library from /content/PeTTaChainer/pettachainer/metta/petta_chainer.metta
Not specialized DistMap2Formula_Spec_[+]/4
Not specialized DistMapFormula_Spec_[partial(lambda_12,[_57688])]/3
2026-04-21 12:32:54,174 [INFO] Loading MeTTa library from /content/PeTTaChainer/pettachainer/metta/petta_chainer.metta
Not specialized DistMap2Formula_Spec_[+]/4
Not specialized DistMapFormula_Spec_[partial(lambda_12,[_57688])]/3
Processed 27 / 48 examples:  56% 27/48 [08:48<11:37, 33.21s/it]2026-04-21 12:33:45,584 [INFO] Loading MeTTa library from /content/PeTTaChainer/pettachainer/metta/petta_chainer.metta
Not specialized DistMap2Formula_Spec_[+]/4
Not specialized DistMapFormula_Spec_[partial(lambda_12,[_57688])]/3
Processed 28 / 48 examples:  58% 28/48 [09:58<14:43, 44.18s/it]2026-04-21 12:34:34,760 [INFO] Loading MeTTa library from /content/PeTTaChainer/pettachainer/metta/petta_chainer.metta
Not specialized DistMap2Formula_Spec_[+]/4
Not specialized DistMapFormula_Spec_[partial(lambda_12,[_57688])]/3
2026-04-21 12:34:45,020 [INFO] Loading MeTTa library from /content/PeTTaChainer/pettachainer/metta/petta_chainer.metta
Not specialized DistMap2Formula_Spec_[+]/4
Not specialized DistMapFormula_Spec_[partial(lambda_12,[_57688])]/3
Processed 29 / 48 examples:  60% 29/48 [10:19<11:48, 37.31s/it]2026-04-21 12:34:51,260 [INFO] Loading MeTTa library from /content/PeTTaChainer/pettachainer/metta/petta_chainer.metta
Not specialized DistMap2Formula_Spec_[+]/4
Not specialized DistMapFormula_Spec_[partial(lambda_12,[_57688])]/3
Processed 33 / 48 examples:  69% 33/48 [10:44<03:07, 12.47s/it]2026-04-21 12:35:29,105 [INFO] Loading MeTTa library from /content/PeTTaChainer/pettachainer/metta/petta_chainer.metta
Not specialized DistMap2Formula_Spec_[+]/4
Not specialized DistMapFormula_Spec_[partial(lambda_12,[_57688])]/3
Processed 35 / 48 examples:  73% 35/48 [11:07<02:28, 11.39s/it]2026-04-21 12:35:50,060 [INFO] Loading MeTTa library from /content/PeTTaChainer/pettachainer/metta/petta_chainer.metta
Not specialized DistMap2Formula_Spec_[+]/4
Not specialized DistMapFormula_Spec_[partial(lambda_12,[_57688])]/3
2026-04-21 12:36:04,449 [INFO] Loading MeTTa library from /content/PeTTaChainer/pettachainer/metta/petta_chainer.metta
Not specialized DistMap2Formula_Spec_[+]/4
Not specialized DistMapFormula_Spec_[partial(lambda_12,[_57688])]/3
Processed 36 / 48 examples:  75% 36/48 [11:44<03:49, 19.11s/it]2026-04-21 12:36:46,364 [INFO] Loading MeTTa library from /content/PeTTaChainer/pettachainer/metta/petta_chainer.metta
Not specialized DistMap2Formula_Spec_[+]/4
Not specialized DistMapFormula_Spec_[partial(lambda_12,[_57688])]/3
Processed 38 / 48 examples:  79% 38/48 [12:23<02:57, 17.77s/it]2026-04-21 12:36:56,353 [INFO] Loading MeTTa library from /content/PeTTaChainer/pettachainer/metta/petta_chainer.metta
Not specialized DistMap2Formula_Spec_[+]/4
Not specialized DistMapFormula_Spec_[partial(lambda_12,[_57688])]/3
Processed 39 / 48 examples:  81% 39/48 [12:30<02:11, 14.60s/it]2026-04-21 12:37:04,579 [INFO] Loading MeTTa library from /content/PeTTaChainer/pettachainer/metta/petta_chainer.metta
Not specialized DistMap2Formula_Spec_[+]/4
Not specialized DistMapFormula_Spec_[partial(lambda_12,[_57688])]/3
Processed 43 / 48 examples:  90% 43/48 [12:50<00:33,  6.74s/it]2026-04-21 12:37:37,262 [INFO] Loading MeTTa library from /content/PeTTaChainer/pettachainer/metta/petta_chainer.metta
Not specialized DistMap2Formula_Spec_[+]/4
Not specialized DistMapFormula_Spec_[partial(lambda_12,[_57688])]/3
2026-04-21 12:37:46,621 [INFO] Loading MeTTa library from /content/PeTTaChainer/pettachainer/metta/petta_chainer.metta
Not specialized DistMap2Formula_Spec_[+]/4
Not specialized DistMapFormula_Spec_[partial(lambda_12,[_57688])]/3
Processed 44 / 48 examples:  92% 44/48 [13:44<01:23, 20.94s/it]2026-04-21 12:38:21,919 [INFO] Loading MeTTa library from /content/PeTTaChainer/pettachainer/metta/petta_chainer.metta
Not specialized DistMap2Formula_Spec_[+]/4
Not specialized DistMapFormula_Spec_[partial(lambda_12,[_57688])]/3
Processed 47 / 48 examples:  98% 47/48 [14:18<00:13, 13.94s/it]2026-04-21 12:39:25,469 [INFO] Loading MeTTa library from /content/PeTTaChainer/pettachainer/metta/petta_chainer.metta
Not specialized DistMap2Formula_Spec_[+]/4
Not specialized DistMapFormula_Spec_[partial(lambda_12,[_57688])]/3
Processed 48 / 48 examples: 100% 48/48 [15:06<00:00, 18.89s/it]
2026/04/21 12:39:33 INFO dspy.teleprompt.simba: Batch 4: Baseline mini-batch score: 0.21175694444444446

2026/04/21 12:39:33 INFO dspy.teleprompt.simba: Batch 4: Processing bucket #1, with max score 1.0, max-to-min gap 0.999, and max-to-avg gap 0.35950000000000004.
2026/04/21 12:39:33 INFO dspy.teleprompt.simba: Batch 4: Invoking strategy: append_a_rule
2026/04/21 12:39:40 INFO dspy.teleprompt.simba_utils: Advice for nl2pln.predict: If the input is a simple location question like 'Where is Bob?' and the context already contains a matching spatial fact, then emit one atomic query that mirrors the fact structure exactly, with only the answer slot variableized, e.g. `(: $prf (Behind bob $where) $tv)`. Use the same constant normalization as the context facts (prefer the lowercase entity token already used in the knowledge base), and do not introduce alternate surface forms, extra helper predicates, or capitalized variants of entity names. If the sentence is a declarative fact, keep it as one direct PLN-light statement with the same normalized constants so the query can unify cleanly.
2026/04/21 12:39:40 INFO dspy.teleprompt.simba: 

2026/04/21 12:39:40 INFO dspy.teleprompt.simba: Batch 4: Processing bucket #2, with max score 0.9299999999999999, max-to-min gap 0.9289999999999999, and max-to-avg gap 0.6784999999999999.
2026/04/21 12:39:40 INFO dspy.teleprompt.simba: Batch 4: Invoking strategy: append_a_demo_
2026/04/21 12:39:40 INFO dspy.teleprompt.simba_utils: Added 1 demos (one each) across all predictors.
2026/04/21 12:39:40 INFO dspy.teleprompt.simba: 

2026/04/21 12:39:40 INFO dspy.teleprompt.simba: Batch 4: Processing bucket #3, with max score 0.86, max-to-min gap 0.86, and max-to-avg gap 0.5595.
2026/04/21 12:39:40 INFO dspy.teleprompt.simba: Batch 4: Invoking strategy: append_a_rule
2026/04/21 12:39:47 INFO dspy.teleprompt.simba_utils: Advice for nl2pln.predict: If the input sentence is a declarative fact, always emit a single valid PLN-light statement in the exact form `(: proof-id Predicate Args... (STV x y))`; never drop the outer `(: ... )` wrapper or return a bare `: id ...` form. If the sentence contains habitual/repeated-time language such as `always`, `usually`, `often`, or `used to`, preserve that in the predicate name or structure instead of collapsing it into a one-time event predicate. If the question asks about the present (`now`, `currently`, `is ... now`), query a present-state predicate like `SwimmingNow` rather than the past-event predicate, and if needed add a separate weak bridging rule from the habitual predicate to the present-state predicate with reduced confidence. Reuse context predicate names consistently, but only after ensuring the statement/query syntax is exactly valid.
2026/04/21 12:39:47 INFO dspy.teleprompt.simba: 

2026/04/21 12:39:47 INFO dspy.teleprompt.simba: Batch 4: Processing bucket #4, with max score 0.7133333333333334, max-to-min gap 0.7113333333333334, and max-to-avg gap 0.5862777777777778.
2026/04/21 12:39:47 INFO dspy.teleprompt.simba: Batch 4: Invoking strategy: append_a_rule
2026/04/21 12:39:57 INFO dspy.teleprompt.simba_utils: Advice for nl2pln.predict: If the input asks whether **all** known items satisfy a property (e.g. “all cats are cute”), then do not answer with a single aggregate fact like `CatsInParkCute park`. Instead, either (a) query each known individual explicitly, or (b) create/query a summary predicate such as `AllKnownCatsCute(park1)` that is supported by a rule requiring every known cat and its property fact. If the input asks whether **any** item exists, then prefer an **existential witness** query of the form `(: $prf (DerivedWitnessPredicate $item park1) $tv)` and, if needed, add a bridge rule from the base facts to that witness predicate. If the input asks for **at least N** items, then introduce or use a **count/threshold predicate** and a rule that connects the counted facts to the threshold; do not just query the count fact and the property fact separately, because that does not prove the cardinality claim. Also keep every query in the exact PLN query shape `(: $var Predicate Args... $tv)`—avoid malformed nested proof-like query strings and avoid using a predicate whose meaning is broader or narrower than the question.
2026/04/21 12:39:57 INFO dspy.teleprompt.simba: 

2026/04/21 12:39:57 INFO dspy.teleprompt.simba: Batch 4: Processing bucket #5, with max score 0.42, max-to-min gap 0.419, and max-to-avg gap 0.2786666666666666.
2026/04/21 12:39:57 INFO dspy.teleprompt.simba: Batch 4: Invoking strategy: append_a_rule, having dropped 1 demos per predictor
2026/04/21 12:40:19 INFO dspy.teleprompt.simba_utils: Advice for nl2pln.predict: If the input says something habitual like 'every morning', encode it as a stable reusable PLN predicate that matches the context exactly, rather than inventing an ad hoc event form. If the input is a mixed sentence with a factual clause plus a yes/no question, then split them: turn the factual clause (for example, 'Morning has just come for today') into a statement, and turn the question into a query about a derived today-specific event. In particular, do not query the habitual fact itself when the question asks about what happens today; instead, reuse the habit predicate in an auxiliary implication rule and query the inferred predicate such as `WillEat Bob 5 Apples Today`.
2026/04/21 12:40:19 INFO dspy.teleprompt.simba: 

2026/04/21 12:40:19 INFO dspy.teleprompt.simba: Batch 4: Processing bucket #6, with max score 0.35, max-to-min gap 0.349, and max-to-avg gap 0.25766666666666665.
2026/04/21 12:40:19 INFO dspy.teleprompt.simba: Batch 4: Invoking strategy: append_a_rule
2026/04/21 12:40:40 INFO dspy.teleprompt.simba_utils: Advice for nl2pln.predict: If the input sentence contains an adjective modifying a noun and the downstream question asks for that adjective/attribute, then do not merge them into one compound constant like `HotFood`. Instead, create a separate entity for the noun and an explicit attribute fact for the modifier, e.g. a liked-food fact plus a `HasAttribute` fact for `Hot`. If the question is of the form “what attribute does X have that Y likes?”, then produce a two-step query: first bind the object that Y likes, then query its attribute using the same bound variable. Keep every query in exact PLN-light query form `(: $proofVar typePattern $tvVar)` and reuse context predicates when possible; avoid queries that only retrieve the object slot, because they will never return the requested attribute.
2026/04/21 12:40:40 INFO dspy.teleprompt.simba: 

2026/04/21 12:40:40 INFO dspy.teleprompt.simba: Batch 4: Processing bucket #7, with max score 0.12, max-to-min gap 0.119, and max-to-avg gap 0.06266666666666668.
2026/04/21 12:40:40 INFO dspy.teleprompt.simba: Batch 4: Invoking strategy: append_a_demo_
2026/04/21 12:40:40 INFO dspy.teleprompt.simba_utils: Added 1 demos (one each) across all predictors.
2026/04/21 12:40:40 INFO dspy.teleprompt.simba: 

2026/04/21 12:40:40 INFO dspy.teleprompt.simba: Batch 4: Evaluating 7 programs on 8 examples.
  0% 0/56 [00:00<?, ?it/s]2026-04-21 12:40:53,430 [INFO] Loading MeTTa library from /content/PeTTaChainer/pettachainer/metta/petta_chainer.metta
Not specialized DistMap2Formula_Spec_[+]/4
Not specialized DistMapFormula_Spec_[partial(lambda_12,[_57688])]/3
Processed 1 / 56 examples:   2% 1/56 [00:26<24:28, 26.70s/it]2026-04-21 12:41:11,079 [INFO] Loading MeTTa library from /content/PeTTaChainer/pettachainer/metta/petta_chainer.metta
Not specialized DistMap2Formula_Spec_[+]/4
Not specialized DistMapFormula_Spec_[partial(lambda_12,[_57688])]/3
Processed 2 / 56 examples:   4% 2/56 [00:50<22:44, 25.27s/it]2026-04-21 12:41:47,626 [INFO] Loading MeTTa library from /content/PeTTaChainer/pettachainer/metta/petta_chainer.metta
Not specialized DistMap2Formula_Spec_[+]/4
Not specialized DistMapFormula_Spec_[partial(lambda_12,[_57688])]/3
2026-04-21 12:41:56,853 [INFO] Loading MeTTa library from /content/PeTTaChainer/pettachainer/metta/petta_chainer.metta
Not specialized DistMap2Formula_Spec_[+]/4
Not specialized DistMapFormula_Spec_[partial(lambda_12,[_57688])]/3
2026-04-21 12:42:11,847 [INFO] Loading MeTTa library from /content/PeTTaChainer/pettachainer/metta/petta_chainer.metta
Not specialized DistMap2Formula_Spec_[+]/4
Not specialized DistMapFormula_Spec_[partial(lambda_12,[_57688])]/3
Processed 4 / 56 examples:   7% 4/56 [01:50<22:56, 26.47s/it]2026-04-21 12:42:38,692 [INFO] Loading MeTTa library from /content/PeTTaChainer/pettachainer/metta/petta_chainer.metta
Not specialized DistMap2Formula_Spec_[+]/4
Not specialized DistMapFormula_Spec_[partial(lambda_12,[_57688])]/3
2026-04-21 12:42:47,018 [INFO] Loading MeTTa library from /content/PeTTaChainer/pettachainer/metta/petta_chainer.metta
Not specialized DistMap2Formula_Spec_[+]/4
Not specialized DistMapFormula_Spec_[partial(lambda_12,[_57688])]/3
Processed 5 / 56 examples:   9% 5/56 [02:09<20:03, 23.60s/it]2026-04-21 12:42:56,093 [INFO] Loading MeTTa library from /content/PeTTaChainer/pettachainer/metta/petta_chainer.metta
Not specialized DistMap2Formula_Spec_[+]/4
Not specialized DistMapFormula_Spec_[partial(lambda_12,[_57688])]/3
2026-04-21 12:43:05,333 [INFO] Loading MeTTa library from /content/PeTTaChainer/pettachainer/metta/petta_chainer.metta
Not specialized DistMap2Formula_Spec_[+]/4
Not specialized DistMapFormula_Spec_[partial(lambda_12,[_57688])]/3
2026-04-21 12:43:19,163 [INFO] Loading MeTTa library from /content/PeTTaChainer/pettachainer/metta/petta_chainer.metta
Not specialized DistMap2Formula_Spec_[+]/4
Not specialized DistMapFormula_Spec_[partial(lambda_12,[_57688])]/3
Processed 6 / 56 examples:  11% 6/56 [02:48<24:11, 29.03s/it]2026-04-21 12:43:42,628 [INFO] Loading MeTTa library from /content/PeTTaChainer/pettachainer/metta/petta_chainer.metta
Not specialized DistMap2Formula_Spec_[+]/4
Not specialized DistMapFormula_Spec_[partial(lambda_12,[_57688])]/3
Processed 8 / 56 examples:  14% 8/56 [03:10<15:01, 18.78s/it]2026-04-21 12:44:06,331 [INFO] Loading MeTTa library from /content/PeTTaChainer/pettachainer/metta/petta_chainer.metta
Processed 11 / 56 examples:  20% 11/56 [03:36<08:34, 11.44s/it]2026-04-21 12:44:25,944 [INFO] Loading MeTTa library from /content/PeTTaChainer/pettachainer/metta/petta_chainer.metta
Not specialized DistMap2Formula_Spec_[+]/4
Not specialized DistMapFormula_Spec_[partial(lambda_12,[_57688])]/3
2026-04-21 12:44:43,047 [INFO] Loading MeTTa library from /content/PeTTaChainer/pettachainer/metta/petta_chainer.metta
Not specialized DistMap2Formula_Spec_[+]/4
Not specialized DistMapFormula_Spec_[partial(lambda_12,[_57688])]/3
Processed 12 / 56 examples:  21% 12/56 [04:11<13:38, 18.60s/it]2026-04-21 12:45:06,964 [INFO] Loading MeTTa library from /content/PeTTaChainer/pettachainer/metta/petta_chainer.metta
Not specialized DistMap2Formula_Spec_[+]/4
Not specialized DistMapFormula_Spec_[partial(lambda_12,[_57688])]/3
2026-04-21 12:45:24,207 [INFO] Loading MeTTa library from /content/PeTTaChainer/pettachainer/metta/petta_chainer.metta
Not specialized DistMap2Formula_Spec_[+]/4
Not specialized DistMapFormula_Spec_[partial(lambda_12,[_57688])]/3
Processed 13 / 56 examples:  23% 13/56 [04:48<17:18, 24.16s/it]2026-04-21 12:45:32,650 [INFO] Loading MeTTa library from /content/PeTTaChainer/pettachainer/metta/petta_chainer.metta
Not specialized DistMap2Formula_Spec_[+]/4
Not specialized DistMapFormula_Spec_[partial(lambda_12,[_57688])]/3
2026-04-21 12:45:42,043 [INFO] Loading MeTTa library from /content/PeTTaChainer/pettachainer/metta/petta_chainer.metta
Not specialized DistMap2Formula_Spec_[+]/4
Not specialized DistMapFormula_Spec_[partial(lambda_12,[_57688])]/3
2026-04-21 12:45:55,651 [INFO] Loading MeTTa library from /content/PeTTaChainer/pettachainer/metta/petta_chainer.metta
Not specialized DistMap2Formula_Spec_[+]/4
Not specialized DistMapFormula_Spec_[partial(lambda_12,[_57688])]/3
Processed 15 / 56 examples:  27% 15/56 [05:40<15:41, 22.96s/it]2026-04-21 12:46:36,458 [INFO] Loading MeTTa library from /content/PeTTaChainer/pettachainer/metta/petta_chainer.metta
Not specialized DistMap2Formula_Spec_[+]/4
Not specialized DistMapFormula_Spec_[partial(lambda_12,[_57688])]/3
Processed 16 / 56 examples:  29% 16/56 [06:03<15:17, 22.94s/it]2026-04-21 12:46:49,197 [INFO] Loading MeTTa library from /content/PeTTaChainer/pettachainer/metta/petta_chainer.metta
Not specialized DistMap2Formula_Spec_[+]/4
Not specialized DistMapFormula_Spec_[partial(lambda_12,[_57688])]/3
Processed 17 / 56 examples:  30% 17/56 [06:16<13:00, 20.00s/it]2026-04-21 12:47:23,219 [INFO] Loading MeTTa library from /content/PeTTaChainer/pettachainer/metta/petta_chainer.metta
Not specialized DistMap2Formula_Spec_[+]/4
Not specialized DistMapFormula_Spec_[partial(lambda_12,[_57688])]/3
2026-04-21 12:47:32,178 [INFO] Loading MeTTa library from /content/PeTTaChainer/pettachainer/metta/petta_chainer.metta
Not specialized DistMap2Formula_Spec_[+]/4
Not specialized DistMapFormula_Spec_[partial(lambda_12,[_57688])]/3
Processed 20 / 56 examples:  36% 20/56 [07:19<11:32, 19.22s/it]2026-04-21 12:48:12,751 [INFO] Loading MeTTa library from /content/PeTTaChainer/pettachainer/metta/petta_chainer.metta
Not specialized DistMap2Formula_Spec_[+]/4
Not specialized DistMapFormula_Spec_[partial(lambda_12,[_57688])]/3
2026-04-21 12:48:27,342 [INFO] Loading MeTTa library from /content/PeTTaChainer/pettachainer/metta/petta_chainer.metta
Not specialized DistMap2Formula_Spec_[+]/4
Not specialized DistMapFormula_Spec_[partial(lambda_12,[_57688])]/3
Processed 21 / 56 examples:  38% 21/56 [08:02<15:25, 26.45s/it]2026-04-21 12:49:11,885 [INFO] Loading MeTTa library from /content/PeTTaChainer/pettachainer/metta/petta_chainer.metta
Not specialized DistMap2Formula_Spec_[+]/4
Not specialized DistMapFormula_Spec_[partial(lambda_12,[_57688])]/3
2026-04-21 12:49:20,452 [INFO] Loading MeTTa library from /content/PeTTaChainer/pettachainer/metta/petta_chainer.metta
Not specialized DistMap2Formula_Spec_[+]/4
Not specialized DistMapFormula_Spec_[partial(lambda_12,[_57688])]/3
2026-04-21 12:49:29,321 [INFO] Loading MeTTa library from /content/PeTTaChainer/pettachainer/metta/petta_chainer.metta
Not specialized DistMap2Formula_Spec_[+]/4
Not specialized DistMapFormula_Spec_[partial(lambda_12,[_57688])]/3
2026-04-21 12:49:37,025 [INFO] Loading MeTTa library from /content/PeTTaChainer/pettachainer/metta/petta_chainer.metta
Not specialized DistMap2Formula_Spec_[+]/4
Not specialized DistMapFormula_Spec_[partial(lambda_12,[_57688])]/3
Processed 22 / 56 examples:  39% 22/56 [08:57<19:54, 35.14s/it]2026-04-21 12:49:56,256 [INFO] Loading MeTTa library from /content/PeTTaChainer/pettachainer/metta/petta_chainer.metta
Not specialized DistMap2Formula_Spec_[+]/4
Not specialized DistMapFormula_Spec_[partial(lambda_12,[_57688])]/3
Processed 24 / 56 examples:  43% 24/56 [09:45<15:28, 29.00s/it]2026-04-21 12:50:27,715 [INFO] Loading MeTTa library from /content/PeTTaChainer/pettachainer/metta/petta_chainer.metta
Not specialized DistMap2Formula_Spec_[+]/4
Not specialized DistMapFormula_Spec_[partial(lambda_12,[_57688])]/3
Processed 26 / 56 examples:  46% 26/56 [10:02<09:21, 18.72s/it]2026-04-21 12:51:10,012 [INFO] Loading MeTTa library from /content/PeTTaChainer/pettachainer/metta/petta_chainer.metta
Not specialized DistMap2Formula_Spec_[+]/4
Not specialized DistMapFormula_Spec_[partial(lambda_12,[_57688])]/3
Processed 32 / 56 examples:  57% 32/56 [11:39<05:02, 12.60s/it]2026-04-21 12:52:37,439 [INFO] Loading MeTTa library from /content/PeTTaChainer/pettachainer/metta/petta_chainer.metta
Not specialized DistMap2Formula_Spec_[+]/4
Not specialized DistMapFormula_Spec_[partial(lambda_12,[_57688])]/3
2026-04-21 12:52:46,650 [INFO] Loading MeTTa library from /content/PeTTaChainer/pettachainer/metta/petta_chainer.metta
Not specialized DistMap2Formula_Spec_[+]/4
Not specialized DistMapFormula_Spec_[partial(lambda_12,[_57688])]/3
2026-04-21 12:52:55,257 [INFO] Loading MeTTa library from /content/PeTTaChainer/pettachainer/metta/petta_chainer.metta
Not specialized DistMap2Formula_Spec_[+]/4
Not specialized DistMapFormula_Spec_[partial(lambda_12,[_57688])]/3
Processed 33 / 56 examples:  59% 33/56 [12:20<08:09, 21.27s/it]2026-04-21 12:53:02,776 [INFO] Loading MeTTa library from /content/PeTTaChainer/pettachainer/metta/petta_chainer.metta
Not specialized DistMap2Formula_Spec_[+]/4
Not specialized DistMapFormula_Spec_[partial(lambda_12,[_57688])]/3
2026-04-21 12:53:11,563 [INFO] Loading MeTTa library from /content/PeTTaChainer/pettachainer/metta/petta_chainer.metta
Not specialized DistMap2Formula_Spec_[+]/4
Not specialized DistMapFormula_Spec_[partial(lambda_12,[_57688])]/3
2026-04-21 12:53:20,071 [INFO] Loading MeTTa library from /content/PeTTaChainer/pettachainer/metta/petta_chainer.metta
Not specialized DistMap2Formula_Spec_[+]/4
Not specialized DistMapFormula_Spec_[partial(lambda_12,[_57688])]/3
Processed 34 / 56 examples:  61% 34/56 [13:04<10:18, 28.11s/it]2026-04-21 12:53:49,531 [INFO] Loading MeTTa library from /content/PeTTaChainer/pettachainer/metta/petta_chainer.metta
Not specialized DistMap2Formula_Spec_[+]/4
Not specialized DistMapFormula_Spec_[partial(lambda_12,[_57688])]/3
Processed 35 / 56 examples:  62% 35/56 [13:19<08:28, 24.22s/it]2026-04-21 12:54:42,709 [INFO] Loading MeTTa library from /content/PeTTaChainer/pettachainer/metta/petta_chainer.metta
Not specialized DistMap2Formula_Spec_[+]/4
Not specialized DistMapFormula_Spec_[partial(lambda_12,[_57688])]/3
Processed 36 / 56 examples:  64% 36/56 [14:09<10:36, 31.80s/it]2026-04-21 12:54:55,427 [INFO] Loading MeTTa library from /content/PeTTaChainer/pettachainer/metta/petta_chainer.metta
Not specialized DistMap2Formula_Spec_[+]/4
Not specialized DistMapFormula_Spec_[partial(lambda_12,[_57688])]/3
2026-04-21 12:55:05,048 [INFO] Loading MeTTa library from /content/PeTTaChainer/pettachainer/metta/petta_chainer.metta
Not specialized DistMap2Formula_Spec_[+]/4
Not specialized DistMapFormula_Spec_[partial(lambda_12,[_57688])]/3
Processed 37 / 56 examples:  66% 37/56 [14:30<09:06, 28.74s/it]2026-04-21 12:55:15,915 [INFO] Loading MeTTa library from /content/PeTTaChainer/pettachainer/metta/petta_chainer.metta
Not specialized DistMap2Formula_Spec_[+]/4
Not specialized DistMapFormula_Spec_[partial(lambda_12,[_57688])]/3
Processed 38 / 56 examples:  68% 38/56 [14:36<06:31, 21.78s/it]2026-04-21 12:55:30,127 [INFO] Loading MeTTa library from /content/PeTTaChainer/pettachainer/metta/petta_chainer.metta
Not specialized DistMap2Formula_Spec_[+]/4
Not specialized DistMapFormula_Spec_[partial(lambda_12,[_57688])]/3
Processed 39 / 56 examples:  70% 39/56 [14:50<05:33, 19.59s/it]2026-04-21 12:55:44,456 [INFO] Loading MeTTa library from /content/PeTTaChainer/pettachainer/metta/petta_chainer.metta
Not specialized DistMap2Formula_Spec_[+]/4
Not specialized DistMapFormula_Spec_[partial(lambda_12,[_57688])]/3
2026-04-21 12:55:55,869 [INFO] Loading MeTTa library from /content/PeTTaChainer/pettachainer/metta/petta_chainer.metta
Not specialized DistMap2Formula_Spec_[+]/4
Not specialized DistMapFormula_Spec_[partial(lambda_12,[_57688])]/3
Processed 42 / 56 examples:  75% 42/56 [15:49<04:20, 18.58s/it]2026-04-21 12:56:34,140 [INFO] Loading MeTTa library from /content/PeTTaChainer/pettachainer/metta/petta_chainer.metta
Not specialized DistMap2Formula_Spec_[+]/4
Not specialized DistMapFormula_Spec_[partial(lambda_12,[_57688])]/3
2026-04-21 12:56:43,973 [INFO] Loading MeTTa library from /content/PeTTaChainer/pettachainer/metta/petta_chainer.metta
Not specialized DistMap2Formula_Spec_[+]/4
Not specialized DistMapFormula_Spec_[partial(lambda_12,[_57688])]/3
2026-04-21 12:56:51,573 [INFO] Loading MeTTa library from /content/PeTTaChainer/pettachainer/metta/petta_chainer.metta
Not specialized DistMap2Formula_Spec_[+]/4
Not specialized DistMapFormula_Spec_[partial(lambda_12,[_57688])]/3
Processed 43 / 56 examples:  77% 43/56 [16:12<04:17, 19.83s/it]2026-04-21 12:57:18,813 [INFO] Loading MeTTa library from /content/PeTTaChainer/pettachainer/metta/petta_chainer.metta
Not specialized DistMap2Formula_Spec_[+]/4
Not specialized DistMapFormula_Spec_[partial(lambda_12,[_57688])]/3
Processed 44 / 56 examples:  79% 44/56 [16:46<04:47, 23.96s/it]2026-04-21 12:57:53,401 [INFO] Loading MeTTa library from /content/PeTTaChainer/pettachainer/metta/petta_chainer.metta
Not specialized DistMap2Formula_Spec_[+]/4
Not specialized DistMapFormula_Spec_[partial(lambda_12,[_57688])]/3
2026-04-21 12:58:21,255 [INFO] Loading MeTTa library from /content/PeTTaChainer/pettachainer/metta/petta_chainer.metta
Not specialized DistMap2Formula_Spec_[+]/4
Not specialized DistMapFormula_Spec_[partial(lambda_12,[_57688])]/3
Processed 45 / 56 examples:  80% 45/56 [17:42<06:08, 33.51s/it]2026-04-21 12:58:28,790 [INFO] Loading MeTTa library from /content/PeTTaChainer/pettachainer/metta/petta_chainer.metta
Not specialized DistMap2Formula_Spec_[+]/4
Not specialized DistMapFormula_Spec_[partial(lambda_12,[_57688])]/3
Processed 49 / 56 examples:  88% 49/56 [18:04<01:20, 11.54s/it]2026-04-21 12:58:55,887 [INFO] Loading MeTTa library from /content/PeTTaChainer/pettachainer/metta/petta_chainer.metta
Not specialized DistMap2Formula_Spec_[+]/4
Not specialized DistMapFormula_Spec_[partial(lambda_12,[_57688])]/3
Processed 50 / 56 examples:  89% 50/56 [18:24<01:24, 14.08s/it]2026-04-21 12:59:18,060 [INFO] Loading MeTTa library from /content/PeTTaChainer/pettachainer/metta/petta_chainer.metta
Not specialized DistMap2Formula_Spec_[+]/4
Not specialized DistMapFormula_Spec_[partial(lambda_12,[_57688])]/3
2026-04-21 12:59:27,653 [INFO] Loading MeTTa library from /content/PeTTaChainer/pettachainer/metta/petta_chainer.metta
Not specialized DistMap2Formula_Spec_[+]/4
Not specialized DistMapFormula_Spec_[partial(lambda_12,[_57688])]/3
Processed 51 / 56 examples:  91% 51/56 [18:48<01:25, 17.06s/it]2026-04-21 12:59:32,792 [INFO] Loading MeTTa library from /content/PeTTaChainer/pettachainer/metta/petta_chainer.metta
Not specialized DistMap2Formula_Spec_[+]/4
Not specialized DistMapFormula_Spec_[partial(lambda_12,[_57688])]/3
2026-04-21 12:59:56,948 [INFO] Loading MeTTa library from /content/PeTTaChainer/pettachainer/metta/petta_chainer.metta
Not specialized DistMap2Formula_Spec_[+]/4
Not specialized DistMapFormula_Spec_[partial(lambda_12,[_57688])]/3
Processed 52 / 56 examples:  93% 52/56 [19:20<01:25, 21.49s/it]2026-04-21 13:00:18,580 [INFO] Loading MeTTa library from /content/PeTTaChainer/pettachainer/metta/petta_chainer.metta
Not specialized DistMap2Formula_Spec_[+]/4
Not specialized DistMapFormula_Spec_[partial(lambda_12,[_57688])]/3
Processed 55 / 56 examples:  98% 55/56 [20:05<00:16, 16.44s/it]2026-04-21 13:00:57,614 [INFO] Loading MeTTa library from /content/PeTTaChainer/pettachainer/metta/petta_chainer.metta
Not specialized DistMap2Formula_Spec_[+]/4
Not specialized DistMapFormula_Spec_[partial(lambda_12,[_57688])]/3
Processed 56 / 56 examples: 100% 56/56 [21:05<00:00, 22.59s/it]
2026/04/21 13:01:45 INFO dspy.teleprompt.simba: Scores after 4 batches: [0.5830416666666667, 0.35391666666666666, 0.33687500000000004, 0.21104166666666666, 0.286875, 0.356875, 0.22825], Best: 0.5830416666666667

2026/04/21 13:01:45 INFO dspy.teleprompt.simba: Starting batch 5 of 8.
2026/04/21 13:01:47 INFO dspy.teleprompt.simba: Sampling program trajectories on 8 examples x 6 samples.
  0% 0/48 [00:00<?, ?it/s]2026-04-21 13:01:54,541 [INFO] Loading MeTTa library from /content/PeTTaChainer/pettachainer/metta/petta_chainer.metta
Not specialized DistMap2Formula_Spec_[+]/4
Not specialized DistMapFormula_Spec_[partial(lambda_12,[_57688])]/3
Processed 1 / 48 examples:   2% 1/48 [00:08<06:49,  8.71s/it]2026-04-21 13:02:04,512 [INFO] Loading MeTTa library from /content/PeTTaChainer/pettachainer/metta/petta_chainer.metta
Not specialized DistMap2Formula_Spec_[+]/4
Not specialized DistMapFormula_Spec_[partial(lambda_12,[_57688])]/3
2026-04-21 13:02:15,065 [INFO] Loading MeTTa library from /content/PeTTaChainer/pettachainer/metta/petta_chainer.metta
Not specialized DistMap2Formula_Spec_[+]/4
Not specialized DistMapFormula_Spec_[partial(lambda_12,[_57688])]/3
Processed 2 / 48 examples:   4% 2/48 [00:28<11:35, 15.11s/it]2026-04-21 13:02:19,941 [INFO] Loading MeTTa library from /content/PeTTaChainer/pettachainer/metta/petta_chainer.metta
Not specialized DistMap2Formula_Spec_[+]/4
Not specialized DistMapFormula_Spec_[partial(lambda_12,[_57688])]/3
2026-04-21 13:02:34,724 [INFO] Loading MeTTa library from /content/PeTTaChainer/pettachainer/metta/petta_chainer.metta
Not specialized DistMap2Formula_Spec_[+]/4
Not specialized DistMapFormula_Spec_[partial(lambda_12,[_57688])]/3
2026-04-21 13:02:43,521 [INFO] Loading MeTTa library from /content/PeTTaChainer/pettachainer/metta/petta_chainer.metta
Not specialized DistMap2Formula_Spec_[+]/4
Not specialized DistMapFormula_Spec_[partial(lambda_12,[_57688])]/3
Processed 5 / 48 examples:  10% 5/48 [01:07<08:22, 11.69s/it]2026-04-21 13:02:59,108 [INFO] Loading MeTTa library from /content/PeTTaChainer/pettachainer/metta/petta_chainer.metta
Not specialized DistMap2Formula_Spec_[+]/4
Not specialized DistMapFormula_Spec_[partial(lambda_12,[_57688])]/3
Processed 6 / 48 examples:  12% 6/48 [02:01<18:20, 26.21s/it]2026-04-21 13:03:55,746 [INFO] Loading MeTTa library from /content/PeTTaChainer/pettachainer/metta/petta_chainer.metta
Not specialized DistMap2Formula_Spec_[+]/4
Not specialized DistMapFormula_Spec_[partial(lambda_12,[_57688])]/3
2026-04-21 13:04:37,934 [INFO] Loading MeTTa library from /content/PeTTaChainer/pettachainer/metta/petta_chainer.metta
Not specialized DistMap2Formula_Spec_[+]/4
Not specialized DistMapFormula_Spec_[partial(lambda_12,[_57688])]/3
Processed 10 / 48 examples:  21% 10/48 [03:00<08:53, 14.03s/it]2026-04-21 13:04:59,900 [INFO] Loading MeTTa library from /content/PeTTaChainer/pettachainer/metta/petta_chainer.metta
Not specialized DistMap2Formula_Spec_[+]/4
Not specialized DistMapFormula_Spec_[partial(lambda_12,[_57688])]/3
2026-04-21 13:05:07,922 [INFO] Loading MeTTa library from /content/PeTTaChainer/pettachainer/metta/petta_chainer.metta
Not specialized DistMap2Formula_Spec_[+]/4
Not specialized DistMapFormula_Spec_[partial(lambda_12,[_57688])]/3
2026-04-21 13:05:17,073 [INFO] Loading MeTTa library from /content/PeTTaChainer/pettachainer/metta/petta_chainer.metta
Not specialized DistMap2Formula_Spec_[+]/4
Not specialized DistMapFormula_Spec_[partial(lambda_12,[_57688])]/3
Processed 12 / 48 examples:  25% 12/48 [03:42<09:26, 15.73s/it]2026-04-21 13:05:41,004 [INFO] Loading MeTTa library from /content/PeTTaChainer/pettachainer/metta/petta_chainer.metta
Not specialized DistMap2Formula_Spec_[+]/4
Not specialized DistMapFormula_Spec_[partial(lambda_12,[_57688])]/3
Processed 14 / 48 examples:  29% 14/48 [04:25<10:56, 19.32s/it]2026-04-21 13:06:20,704 [INFO] Loading MeTTa library from /content/PeTTaChainer/pettachainer/metta/petta_chainer.metta
Not specialized DistMap2Formula_Spec_[+]/4
Not specialized DistMapFormula_Spec_[partial(lambda_12,[_57688])]/3
2026-04-21 13:06:41,546 [INFO] Loading MeTTa library from /content/PeTTaChainer/pettachainer/metta/petta_chainer.metta
Not specialized DistMap2Formula_Spec_[+]/4
Not specialized DistMapFormula_Spec_[partial(lambda_12,[_57688])]/3
Processed 15 / 48 examples:  31% 15/48 [04:55<12:14, 22.26s/it]2026-04-21 13:06:47,728 [INFO] Loading MeTTa library from /content/PeTTaChainer/pettachainer/metta/petta_chainer.metta
Not specialized DistMap2Formula_Spec_[+]/4
Not specialized DistMapFormula_Spec_[partial(lambda_12,[_57688])]/3
2026-04-21 13:07:02,053 [INFO] Loading MeTTa library from /content/PeTTaChainer/pettachainer/metta/petta_chainer.metta
Not specialized DistMap2Formula_Spec_[+]/4
Not specialized DistMapFormula_Spec_[partial(lambda_12,[_57688])]/3
Processed 16 / 48 examples:  33% 16/48 [05:17<11:54, 22.32s/it]2026-04-21 13:07:11,306 [INFO] Loading MeTTa library from /content/PeTTaChainer/pettachainer/metta/petta_chainer.metta
Not specialized DistMap2Formula_Spec_[+]/4
Not specialized DistMapFormula_Spec_[partial(lambda_12,[_57688])]/3
2026-04-21 13:07:19,658 [INFO] Loading MeTTa library from /content/PeTTaChainer/pettachainer/metta/petta_chainer.metta
Not specialized DistMap2Formula_Spec_[+]/4
Not specialized DistMapFormula_Spec_[partial(lambda_12,[_57688])]/3
Processed 19 / 48 examples:  40% 19/48 [06:23<10:37, 21.98s/it]2026-04-21 13:08:23,544 [INFO] Loading MeTTa library from /content/PeTTaChainer/pettachainer/metta/petta_chainer.metta
Not specialized DistMap2Formula_Spec_[+]/4
Not specialized DistMapFormula_Spec_[partial(lambda_12,[_57688])]/3
Processed 20 / 48 examples:  42% 20/48 [06:37<09:09, 19.61s/it]2026-04-21 13:08:44,639 [INFO] Loading MeTTa library from /content/PeTTaChainer/pettachainer/metta/petta_chainer.metta
Not specialized DistMap2Formula_Spec_[+]/4
Not specialized DistMapFormula_Spec_[partial(lambda_12,[_57688])]/3
2026-04-21 13:08:55,132 [INFO] Loading MeTTa library from /content/PeTTaChainer/pettachainer/metta/petta_chainer.metta
Not specialized DistMap2Formula_Spec_[+]/4
Not specialized DistMapFormula_Spec_[partial(lambda_12,[_57688])]/3
Processed 21 / 48 examples:  44% 21/48 [07:08<10:23, 23.09s/it]2026-04-21 13:08:59,345 [INFO] Loading MeTTa library from /content/PeTTaChainer/pettachainer/metta/petta_chainer.metta
Not specialized DistMap2Formula_Spec_[+]/4
Not specialized DistMapFormula_Spec_[partial(lambda_12,[_57688])]/3
Processed 22 / 48 examples:  46% 22/48 [07:12<07:33, 17.44s/it]2026-04-21 13:09:33,197 [INFO] Loading MeTTa library from /content/PeTTaChainer/pettachainer/metta/petta_chainer.metta
Not specialized DistMap2Formula_Spec_[+]/4
Not specialized DistMapFormula_Spec_[partial(lambda_12,[_57688])]/3
2026-04-21 13:10:12,217 [INFO] Loading MeTTa library from /content/PeTTaChainer/pettachainer/metta/petta_chainer.metta
Not specialized DistMap2Formula_Spec_[+]/4
Not specialized DistMapFormula_Spec_[partial(lambda_12,[_57688])]/3
2026-04-21 13:10:34,560 [INFO] Loading MeTTa library from /content/PeTTaChainer/pettachainer/metta/petta_chainer.metta
Not specialized DistMap2Formula_Spec_[+]/4
Not specialized DistMapFormula_Spec_[partial(lambda_12,[_57688])]/3
Processed 24 / 48 examples:  50% 24/48 [08:55<12:05, 30.23s/it]2026-04-21 13:10:43,474 [INFO] Loading MeTTa library from /content/PeTTaChainer/pettachainer/metta/petta_chainer.metta
Not specialized DistMap2Formula_Spec_[+]/4
Not specialized DistMapFormula_Spec_[partial(lambda_12,[_57688])]/3
2026-04-21 13:11:01,123 [INFO] Loading MeTTa library from /content/PeTTaChainer/pettachainer/metta/petta_chainer.metta
Not specialized DistMap2Formula_Spec_[+]/4
Not specialized DistMapFormula_Spec_[partial(lambda_12,[_57688])]/3
Processed 25 / 48 examples:  52% 25/48 [09:14<10:20, 26.98s/it]2026-04-21 13:11:04,937 [INFO] Loading MeTTa library from /content/PeTTaChainer/pettachainer/metta/petta_chainer.metta
Processed 27 / 48 examples:  56% 27/48 [09:32<06:26, 18.41s/it]2026-04-21 13:11:29,264 [INFO] Loading MeTTa library from /content/PeTTaChainer/pettachainer/metta/petta_chainer.metta
Not specialized DistMap2Formula_Spec_[+]/4
Not specialized DistMapFormula_Spec_[partial(lambda_12,[_57688])]/3
Processed 30 / 48 examples:  62% 30/48 [09:59<03:14, 10.78s/it]2026-04-21 13:12:47,248 [INFO] Loading MeTTa library from /content/PeTTaChainer/pettachainer/metta/petta_chainer.metta
Not specialized DistMap2Formula_Spec_[+]/4
Not specialized DistMapFormula_Spec_[partial(lambda_12,[_57688])]/3
2026-04-21 13:13:09,707 [INFO] Loading MeTTa library from /content/PeTTaChainer/pettachainer/metta/petta_chainer.metta
Not specialized DistMap2Formula_Spec_[+]/4
Not specialized DistMapFormula_Spec_[partial(lambda_12,[_57688])]/3
2026-04-21 13:13:18,213 [INFO] Loading MeTTa library from /content/PeTTaChainer/pettachainer/metta/petta_chainer.metta
Not specialized DistMap2Formula_Spec_[+]/4
Not specialized DistMapFormula_Spec_[partial(lambda_12,[_57688])]/3
2026-04-21 13:13:26,834 [INFO] Loading MeTTa library from /content/PeTTaChainer/pettachainer/metta/petta_chainer.metta
Not specialized DistMap2Formula_Spec_[+]/4
Not specialized DistMapFormula_Spec_[partial(lambda_12,[_57688])]/3
Processed 34 / 48 examples:  71% 34/48 [12:33<04:58, 21.33s/it]2026-04-21 13:14:51,211 [INFO] Loading MeTTa library from /content/PeTTaChainer/pettachainer/metta/petta_chainer.metta
Not specialized DistMap2Formula_Spec_[+]/4
Not specialized DistMapFormula_Spec_[partial(lambda_12,[_57688])]/3
2026-04-21 13:15:00,220 [INFO] Loading MeTTa library from /content/PeTTaChainer/pettachainer/metta/petta_chainer.metta
Not specialized DistMap2Formula_Spec_[+]/4
Not specialized DistMapFormula_Spec_[partial(lambda_12,[_57688])]/3
Processed 35 / 48 examples:  73% 35/48 [13:13<05:52, 27.13s/it]2026-04-21 13:15:15,079 [INFO] Loading MeTTa library from /content/PeTTaChainer/pettachainer/metta/petta_chainer.metta
Not specialized DistMap2Formula_Spec_[+]/4
Not specialized DistMapFormula_Spec_[partial(lambda_12,[_57688])]/3
Processed 36 / 48 examples:  75% 36/48 [13:28<04:42, 23.53s/it]2026-04-21 13:15:23,917 [INFO] Loading MeTTa library from /content/PeTTaChainer/pettachainer/metta/petta_chainer.metta
Not specialized DistMap2Formula_Spec_[+]/4
Not specialized DistMapFormula_Spec_[partial(lambda_12,[_57688])]/3
Processed 38 / 48 examples:  79% 38/48 [14:25<04:30, 27.04s/it]2026-04-21 13:16:30,515 [INFO] Loading MeTTa library from /content/PeTTaChainer/pettachainer/metta/petta_chainer.metta
Not specialized DistMap2Formula_Spec_[+]/4
Not specialized DistMapFormula_Spec_[partial(lambda_12,[_57688])]/3
Processed 41 / 48 examples:  85% 41/48 [15:06<01:57, 16.76s/it]2026-04-21 13:17:12,099 [INFO] Loading MeTTa library from /content/PeTTaChainer/pettachainer/metta/petta_chainer.metta
Not specialized DistMap2Formula_Spec_[+]/4
Not specialized DistMapFormula_Spec_[partial(lambda_12,[_57688])]/3
Processed 45 / 48 examples:  94% 45/48 [16:02<00:34, 11.60s/it]2026-04-21 13:18:01,772 [INFO] Loading MeTTa library from /content/PeTTaChainer/pettachainer/metta/petta_chainer.metta
Not specialized DistMap2Formula_Spec_[+]/4
Not specialized DistMapFormula_Spec_[partial(lambda_12,[_57688])]/3
Processed 46 / 48 examples:  96% 46/48 [16:21<00:27, 13.77s/it]2026-04-21 13:18:40,608 [INFO] Loading MeTTa library from /content/PeTTaChainer/pettachainer/metta/petta_chainer.metta
Not specialized DistMap2Formula_Spec_[+]/4
Not specialized DistMapFormula_Spec_[partial(lambda_12,[_57688])]/3
2026-04-21 13:19:05,486 [INFO] Loading MeTTa library from /content/PeTTaChainer/pettachainer/metta/petta_chainer.metta
Not specialized DistMap2Formula_Spec_[+]/4
Not specialized DistMapFormula_Spec_[partial(lambda_12,[_57688])]/3
2026-04-21 13:19:13,573 [INFO] Loading MeTTa library from /content/PeTTaChainer/pettachainer/metta/petta_chainer.metta
Not specialized DistMap2Formula_Spec_[+]/4
Not specialized DistMapFormula_Spec_[partial(lambda_12,[_57688])]/3
Processed 48 / 48 examples: 100% 48/48 [17:54<00:00, 22.38s/it]
2026/04/21 13:19:42 INFO dspy.teleprompt.simba: Batch 5: Baseline mini-batch score: 0.28291666666666665

2026/04/21 13:19:42 INFO dspy.teleprompt.simba: Batch 5: Processing bucket #1, with max score 1.0, max-to-min gap 0.999, and max-to-avg gap 0.3330000000000001.
2026/04/21 13:19:42 INFO dspy.teleprompt.simba: Batch 5: Invoking strategy: append_a_rule
2026/04/21 13:19:52 INFO dspy.teleprompt.simba_utils: Advice for nl2pln.predict: If the input is a simple declarative sentence like `Max is a Dog`, then preserve the entity token exactly as it appears for proper nouns (`Max`, not `max`) when creating the PLN fact. If the input is a follow-up question like `What is max?`, then look for the matching fact pattern in context and emit one atomic query that mirrors that fact exactly, changing only the proof and truth-value variables. Do not lowercase or otherwise rename constants unless the context already uses that normalized form. For simple `What is X?` questions, prefer a direct query such as `(: $q (Dog Max) $tv)` over inventing helper predicates or alternate surface forms, because exact predicate/constant matching is what allows the proof to unify quickly and return the expected answer.
2026/04/21 13:19:52 INFO dspy.teleprompt.simba: 

2026/04/21 13:19:52 INFO dspy.teleprompt.simba: Batch 5: Processing bucket #2, with max score 0.995, max-to-min gap 0.994, and max-to-avg gap 0.6466666666666667.
2026/04/21 13:19:52 INFO dspy.teleprompt.simba: Batch 5: Invoking strategy: append_a_demo_
2026/04/21 13:19:52 INFO dspy.teleprompt.simba_utils: Added 1 demos (one each) across all predictors.
2026/04/21 13:19:52 INFO dspy.teleprompt.simba: 

2026/04/21 13:19:52 INFO dspy.teleprompt.simba: Batch 5: Processing bucket #3, with max score 1.0, max-to-min gap 0.993, and max-to-avg gap 0.5543333333333333.
2026/04/21 13:19:52 INFO dspy.teleprompt.simba: Batch 5: Invoking strategy: append_a_demo_, having dropped 1 demos per predictor
2026/04/21 13:19:52 INFO dspy.teleprompt.simba_utils: Added 1 demos (one each) across all predictors.
2026/04/21 13:19:52 INFO dspy.teleprompt.simba: 

2026/04/21 13:19:52 INFO dspy.teleprompt.simba: Batch 5: Processing bucket #4, with max score 0.97, max-to-min gap 0.967, and max-to-avg gap 0.6516666666666666.
2026/04/21 13:19:52 INFO dspy.teleprompt.simba: Batch 5: Invoking strategy: append_a_rule
2026/04/21 13:20:04 INFO dspy.teleprompt.simba_utils: Advice for nl2pln.predict: If the input sentence says that specific people like hiking, then emit one fact per person using the exact lowercase entity and predicate tokens that the context will reuse later (for example, `bob`, `anna`, and `hiking`), and do not invent capitalized variants like `Hiking` in either facts or queries. If the question is asking for the people who like hiking, then query the existing atomic pattern directly as `(: $prf (Likes $person hiking) $tv)` rather than introducing extra structure or a helper rule. If the question is asking who goes hiking and the context only gives a group relation like `They often go together`, then first add a compact helper rule that uses the group relation plus both people’s hiking-liking facts to derive `GoesHiking` for each person, and then query `(: $prf (GoesHiking $who) $tv)`. Avoid broad shortcuts such as `Likes -> GoesHiking` unless the text explicitly supports them; prefer a helper that matches the phrasing and available context.
2026/04/21 13:20:04 INFO dspy.teleprompt.simba: 

2026/04/21 13:20:04 INFO dspy.teleprompt.simba: Batch 5: Processing bucket #5, with max score 0.88, max-to-min gap 0.879, and max-to-avg gap 0.6665.
2026/04/21 13:20:04 INFO dspy.teleprompt.simba: Batch 5: Invoking strategy: append_a_demo_
2026/04/21 13:20:04 INFO dspy.teleprompt.simba_utils: Added 1 demos (one each) across all predictors.
2026/04/21 13:20:04 INFO dspy.teleprompt.simba: 

2026/04/21 13:20:04 INFO dspy.teleprompt.simba: Batch 5: Processing bucket #6, with max score 0.485, max-to-min gap 0.484, and max-to-avg gap 0.3275.
2026/04/21 13:20:04 INFO dspy.teleprompt.simba: Batch 5: Invoking strategy: append_a_rule
2026/04/21 13:20:12 INFO dspy.teleprompt.simba_utils: Advice for nl2pln.predict: If the input sentence is an idiom or semantically compressed phrase like “kicked the bucket,” then do not replace it with only the inferred meaning. Emit an explicit literal event fact for the wording that appeared (e.g. a Kick/KickedTheBucket fact with Bob and the object bucket), and, if appropriate, also add a separate weaker/default rule or extra fact for the implied meaning (e.g. death) so later questions about either surface wording or implication can be answered. If the input is a question asking “Did X VERB anything?” then query the same predicate and arity as the verb in the question with an existential object variable (e.g. `(Kick Bob $thing)`), not a different normalized predicate and not a malformed arity. Prefer preserving both the literal event and the normalized interpretation over collapsing everything into one fact.
2026/04/21 13:20:12 INFO dspy.teleprompt.simba: 

2026/04/21 13:20:12 INFO dspy.teleprompt.simba: Batch 5: Processing bucket #7, with max score 0.25, max-to-min gap 0.25, and max-to-avg gap 0.1745.
2026/04/21 13:20:12 INFO dspy.teleprompt.simba: Batch 5: Invoking strategy: append_a_demo_
2026/04/21 13:20:12 INFO dspy.teleprompt.simba_utils: Added 1 demos (one each) across all predictors.
2026/04/21 13:20:12 INFO dspy.teleprompt.simba: 

2026/04/21 13:20:12 INFO dspy.teleprompt.simba: Batch 5: Evaluating 7 programs on 8 examples.
  0% 0/56 [00:00<?, ?it/s]2026-04-21 13:20:38,656 [INFO] Loading MeTTa library from /content/PeTTaChainer/pettachainer/metta/petta_chainer.metta
Not specialized DistMap2Formula_Spec_[+]/4
Not specialized DistMapFormula_Spec_[partial(lambda_12,[_57688])]/3
Processed 1 / 56 examples:   2% 1/56 [00:27<25:00, 27.28s/it]2026-04-21 13:20:52,132 [INFO] Loading MeTTa library from /content/PeTTaChainer/pettachainer/metta/petta_chainer.metta
Not specialized DistMap2Formula_Spec_[+]/4
Not specialized DistMapFormula_Spec_[partial(lambda_12,[_57688])]/3
2026-04-21 13:21:01,194 [INFO] Loading MeTTa library from /content/PeTTaChainer/pettachainer/metta/petta_chainer.metta
Not specialized DistMap2Formula_Spec_[+]/4
Not specialized DistMapFormula_Spec_[partial(lambda_12,[_57688])]/3
Processed 2 / 56 examples:   4% 2/56 [01:06<30:57, 34.40s/it]2026-04-21 13:21:29,520 [INFO] Loading MeTTa library from /content/PeTTaChainer/pettachainer/metta/petta_chainer.metta
Not specialized DistMap2Formula_Spec_[+]/4
Not specialized DistMapFormula_Spec_[partial(lambda_12,[_57688])]/3
2026-04-21 13:22:04,363 [INFO] Loading MeTTa library from /content/PeTTaChainer/pettachainer/metta/petta_chainer.metta
Not specialized DistMap2Formula_Spec_[+]/4
Not specialized DistMapFormula_Spec_[partial(lambda_12,[_57688])]/3
Processed 3 / 56 examples:   5% 3/56 [01:52<35:09, 39.81s/it]2026-04-21 13:22:14,374 [INFO] Loading MeTTa library from /content/PeTTaChainer/pettachainer/metta/petta_chainer.metta
Not specialized DistMap2Formula_Spec_[+]/4
Not specialized DistMapFormula_Spec_[partial(lambda_12,[_57688])]/3
Processed 4 / 56 examples:   7% 4/56 [02:02<24:18, 28.04s/it]2026-04-21 13:22:19,890 [INFO] Loading MeTTa library from /content/PeTTaChainer/pettachainer/metta/petta_chainer.metta
Not specialized DistMap2Formula_Spec_[+]/4
Not specialized DistMapFormula_Spec_[partial(lambda_12,[_57688])]/3
Processed 5 / 56 examples:   9% 5/56 [02:08<16:56, 19.93s/it]2026-04-21 13:22:51,937 [INFO] Loading MeTTa library from /content/PeTTaChainer/pettachainer/metta/petta_chainer.metta
Not specialized DistMap2Formula_Spec_[+]/4
Not specialized DistMapFormula_Spec_[partial(lambda_12,[_57688])]/3
2026-04-21 13:23:07,999 [INFO] Loading MeTTa library from /content/PeTTaChainer/pettachainer/metta/petta_chainer.metta
Not specialized DistMap2Formula_Spec_[+]/4
Not specialized DistMapFormula_Spec_[partial(lambda_12,[_57688])]/3
2026-04-21 13:23:55,589 [INFO] Loading MeTTa library from /content/PeTTaChainer/pettachainer/metta/petta_chainer.metta
Not specialized DistMap2Formula_Spec_[+]/4
Not specialized DistMapFormula_Spec_[partial(lambda_12,[_57688])]/3
Processed 6 / 56 examples:  11% 6/56 [03:49<39:31, 47.43s/it]2026-04-21 13:24:04,507 [INFO] Loading MeTTa library from /content/PeTTaChainer/pettachainer/metta/petta_chainer.metta
Not specialized DistMap2Formula_Spec_[+]/4
Not specialized DistMapFormula_Spec_[partial(lambda_12,[_57688])]/3
Processed 7 / 56 examples:  12% 7/56 [04:01<29:17, 35.86s/it]2026-04-21 13:24:31,550 [INFO] Loading MeTTa library from /content/PeTTaChainer/pettachainer/metta/petta_chainer.metta
Not specialized DistMap2Formula_Spec_[+]/4
Not specialized DistMapFormula_Spec_[partial(lambda_12,[_57688])]/3
2026-04-21 13:24:39,496 [INFO] Loading MeTTa library from /content/PeTTaChainer/pettachainer/metta/petta_chainer.metta
Not specialized DistMap2Formula_Spec_[+]/4
Not specialized DistMapFormula_Spec_[partial(lambda_12,[_57688])]/3
Processed 10 / 56 examples:  18% 10/56 [04:45<14:56, 19.50s/it]2026-04-21 13:25:24,110 [INFO] Loading MeTTa library from /content/PeTTaChainer/pettachainer/metta/petta_chainer.metta
Not specialized DistMap2Formula_Spec_[+]/4
Not specialized DistMapFormula_Spec_[partial(lambda_12,[_57688])]/3
2026-04-21 13:25:32,029 [INFO] Loading MeTTa library from /content/PeTTaChainer/pettachainer/metta/petta_chainer.metta
Not specialized DistMap2Formula_Spec_[+]/4
Not specialized DistMapFormula_Spec_[partial(lambda_12,[_57688])]/3
Processed 11 / 56 examples:  20% 11/56 [05:23<18:54, 25.21s/it]2026-04-21 13:25:51,739 [INFO] Loading MeTTa library from /content/PeTTaChainer/pettachainer/metta/petta_chainer.metta
Not specialized DistMap2Formula_Spec_[+]/4
Not specialized DistMapFormula_Spec_[partial(lambda_12,[_57688])]/3
Processed 13 / 56 examples:  23% 13/56 [05:48<13:10, 18.38s/it]2026-04-21 13:26:06,665 [INFO] Loading MeTTa library from /content/PeTTaChainer/pettachainer/metta/petta_chainer.metta
Not specialized DistMap2Formula_Spec_[+]/4
Not specialized DistMapFormula_Spec_[partial(lambda_12,[_57688])]/3
2026-04-21 13:26:22,194 [INFO] Loading MeTTa library from /content/PeTTaChainer/pettachainer/metta/petta_chainer.metta
Not specialized DistMap2Formula_Spec_[+]/4
Not specialized DistMapFormula_Spec_[partial(lambda_12,[_57688])]/3
2026-04-21 13:26:31,185 [INFO] Loading MeTTa library from /content/PeTTaChainer/pettachainer/metta/petta_chainer.metta
Not specialized DistMap2Formula_Spec_[+]/4
Not specialized DistMapFormula_Spec_[partial(lambda_12,[_57688])]/3
Processed 14 / 56 examples:  25% 14/56 [06:19<15:29, 22.13s/it]2026-04-21 13:26:48,016 [INFO] Loading MeTTa library from /content/PeTTaChainer/pettachainer/metta/petta_chainer.metta
Not specialized DistMap2Formula_Spec_[+]/4
Not specialized DistMapFormula_Spec_[partial(lambda_12,[_57688])]/3
2026-04-21 13:27:15,320 [INFO] Loading MeTTa library from /content/PeTTaChainer/pettachainer/metta/petta_chainer.metta
Processed 15 / 56 examples:  27% 15/56 [07:02<19:26, 28.45s/it]Not specialized DistMap2Formula_Spec_[+]/4
Not specialized DistMapFormula_Spec_[partial(lambda_12,[_57688])]/3
Processed 18 / 56 examples:  32% 18/56 [07:24<09:09, 14.45s/it]2026-04-21 13:28:14,584 [INFO] Loading MeTTa library from /content/PeTTaChainer/pettachainer/metta/petta_chainer.metta
Not specialized DistMap2Formula_Spec_[+]/4
Not specialized DistMapFormula_Spec_[partial(lambda_12,[_57688])]/3
2026-04-21 13:28:23,278 [INFO] Loading MeTTa library from /content/PeTTaChainer/pettachainer/metta/petta_chainer.metta
Not specialized DistMap2Formula_Spec_[+]/4
Not specialized DistMapFormula_Spec_[partial(lambda_12,[_57688])]/3
2026-04-21 13:28:42,274 [INFO] Loading MeTTa library from /content/PeTTaChainer/pettachainer/metta/petta_chainer.metta
Not specialized DistMap2Formula_Spec_[+]/4
Not specialized DistMapFormula_Spec_[partial(lambda_12,[_57688])]/3
Processed 20 / 56 examples:  36% 20/56 [08:40<13:59, 23.32s/it]2026-04-21 13:29:00,906 [INFO] Loading MeTTa library from /content/PeTTaChainer/pettachainer/metta/petta_chainer.metta
Not specialized DistMap2Formula_Spec_[+]/4
Not specialized DistMapFormula_Spec_[partial(lambda_12,[_57688])]/3
Processed 21 / 56 examples:  38% 21/56 [08:54<12:04, 20.69s/it]2026-04-21 13:29:50,827 [INFO] Loading MeTTa library from /content/PeTTaChainer/pettachainer/metta/petta_chainer.metta
Not specialized DistMap2Formula_Spec_[+]/4
Not specialized DistMapFormula_Spec_[partial(lambda_12,[_57688])]/3
Processed 22 / 56 examples:  39% 22/56 [09:41<16:10, 28.56s/it]2026-04-21 13:30:50,126 [INFO] Loading MeTTa library from /content/PeTTaChainer/pettachainer/metta/petta_chainer.metta
Not specialized DistMap2Formula_Spec_[+]/4
Not specialized DistMapFormula_Spec_[partial(lambda_12,[_57688])]/3
Processed 23 / 56 examples:  41% 23/56 [10:41<20:49, 37.85s/it]2026-04-21 13:31:08,105 [INFO] Loading MeTTa library from /content/PeTTaChainer/pettachainer/metta/petta_chainer.metta
Not specialized DistMap2Formula_Spec_[+]/4
Not specialized DistMapFormula_Spec_[partial(lambda_12,[_57688])]/3
Processed 26 / 56 examples:  46% 26/56 [11:12<09:09, 18.33s/it]2026-04-21 13:31:36,188 [INFO] Loading MeTTa library from /content/PeTTaChainer/pettachainer/metta/petta_chainer.metta
Not specialized DistMap2Formula_Spec_[+]/4
Not specialized DistMapFormula_Spec_[partial(lambda_12,[_57688])]/3
Processed 27 / 56 examples:  48% 27/56 [11:37<09:56, 20.58s/it]2026-04-21 13:32:05,928 [INFO] Loading MeTTa library from /content/PeTTaChainer/pettachainer/metta/petta_chainer.metta
Not specialized DistMap2Formula_Spec_[+]/4
Not specialized DistMapFormula_Spec_[partial(lambda_12,[_57688])]/3
Processed 28 / 56 examples:  50% 28/56 [11:54<08:58, 19.25s/it]2026-04-21 13:32:10,687 [INFO] Loading MeTTa library from /content/PeTTaChainer/pettachainer/metta/petta_chainer.metta
Not specialized DistMap2Formula_Spec_[+]/4
Not specialized DistMapFormula_Spec_[partial(lambda_12,[_57688])]/3
Processed 29 / 56 examples:  52% 29/56 [11:58<06:41, 14.88s/it]2026-04-21 13:32:55,967 [INFO] Loading MeTTa library from /content/PeTTaChainer/pettachainer/metta/petta_chainer.metta
Not specialized DistMap2Formula_Spec_[+]/4
Not specialized DistMapFormula_Spec_[partial(lambda_12,[_57688])]/3
2026-04-21 13:33:04,444 [INFO] Loading MeTTa library from /content/PeTTaChainer/pettachainer/metta/petta_chainer.metta
Not specialized DistMap2Formula_Spec_[+]/4
Not specialized DistMapFormula_Spec_[partial(lambda_12,[_57688])]/3
2026-04-21 13:33:45,841 [INFO] Loading MeTTa library from /content/PeTTaChainer/pettachainer/metta/petta_chainer.metta
Not specialized DistMap2Formula_Spec_[+]/4
Not specialized DistMapFormula_Spec_[partial(lambda_12,[_57688])]/3
Processed 30 / 56 examples:  54% 30/56 [13:39<17:39, 40.75s/it]2026-04-21 13:33:54,742 [INFO] Loading MeTTa library from /content/PeTTaChainer/pettachainer/metta/petta_chainer.metta
Not specialized DistMap2Formula_Spec_[+]/4
Not specialized DistMapFormula_Spec_[partial(lambda_12,[_57688])]/3
Processed 31 / 56 examples:  55% 31/56 [14:18<16:40, 40.01s/it]2026-04-21 13:34:35,936 [INFO] Loading MeTTa library from /content/PeTTaChainer/pettachainer/metta/petta_chainer.metta
Not specialized DistMap2Formula_Spec_[+]/4
Not specialized DistMapFormula_Spec_[partial(lambda_12,[_57688])]/3
Processed 32 / 56 examples:  57% 32/56 [14:23<11:53, 29.73s/it]2026-04-21 13:34:52,642 [INFO] Loading MeTTa library from /content/PeTTaChainer/pettachainer/metta/petta_chainer.metta
Not specialized DistMap2Formula_Spec_[+]/4
Not specialized DistMapFormula_Spec_[partial(lambda_12,[_57688])]/3
Processed 34 / 56 examples:  61% 34/56 [14:43<06:58, 19.02s/it]2026-04-21 13:35:29,008 [INFO] Loading MeTTa library from /content/PeTTaChainer/pettachainer/metta/petta_chainer.metta
Not specialized DistMap2Formula_Spec_[+]/4
Not specialized DistMapFormula_Spec_[partial(lambda_12,[_57688])]/3
2026-04-21 13:35:37,949 [INFO] Loading MeTTa library from /content/PeTTaChainer/pettachainer/metta/petta_chainer.metta
Not specialized DistMap2Formula_Spec_[+]/4
Not specialized DistMapFormula_Spec_[partial(lambda_12,[_57688])]/3
Processed 35 / 56 examples:  62% 35/56 [15:29<09:25, 26.91s/it]2026-04-21 13:35:54,481 [INFO] Loading MeTTa library from /content/PeTTaChainer/pettachainer/metta/petta_chainer.metta
Not specialized DistMap2Formula_Spec_[+]/4
Not specialized DistMapFormula_Spec_[partial(lambda_12,[_57688])]/3
Processed 37 / 56 examples:  66% 37/56 [15:58<06:20, 20.05s/it]2026-04-21 13:36:14,554 [INFO] Loading MeTTa library from /content/PeTTaChainer/pettachainer/metta/petta_chainer.metta
Not specialized DistMap2Formula_Spec_[+]/4
Not specialized DistMapFormula_Spec_[partial(lambda_12,[_57688])]/3
2026-04-21 13:36:26,392 [INFO] Loading MeTTa library from /content/PeTTaChainer/pettachainer/metta/petta_chainer.metta
Not specialized DistMap2Formula_Spec_[+]/4
Not specialized DistMapFormula_Spec_[partial(lambda_12,[_57688])]/3
Processed 39 / 56 examples:  70% 39/56 [17:05<07:26, 26.24s/it]2026-04-21 13:37:19,990 [INFO] Loading MeTTa library from /content/PeTTaChainer/pettachainer/metta/petta_chainer.metta
Not specialized DistMap2Formula_Spec_[+]/4
Not specialized DistMapFormula_Spec_[partial(lambda_12,[_57688])]/3
2026-04-21 13:37:28,937 [INFO] Loading MeTTa library from /content/PeTTaChainer/pettachainer/metta/petta_chainer.metta
Not specialized DistMap2Formula_Spec_[+]/4
Not specialized DistMapFormula_Spec_[partial(lambda_12,[_57688])]/3
2026-04-21 13:37:37,314 [INFO] Loading MeTTa library from /content/PeTTaChainer/pettachainer/metta/petta_chainer.metta
Not specialized DistMap2Formula_Spec_[+]/4
Not specialized DistMapFormula_Spec_[partial(lambda_12,[_57688])]/3
Processed 41 / 56 examples:  73% 41/56 [17:49<05:33, 22.23s/it]2026-04-21 13:38:11,001 [INFO] Loading MeTTa library from /content/PeTTaChainer/pettachainer/metta/petta_chainer.metta
Not specialized DistMap2Formula_Spec_[+]/4
Not specialized DistMapFormula_Spec_[partial(lambda_12,[_57688])]/3
Processed 42 / 56 examples:  75% 42/56 [17:59<04:21, 18.67s/it]2026-04-21 13:38:16,301 [INFO] Loading MeTTa library from /content/PeTTaChainer/pettachainer/metta/petta_chainer.metta
Not specialized DistMap2Formula_Spec_[+]/4
Not specialized DistMapFormula_Spec_[partial(lambda_12,[_57688])]/3
Processed 45 / 56 examples:  80% 45/56 [18:29<02:09, 11.78s/it]2026-04-21 13:39:20,003 [INFO] Loading MeTTa library from /content/PeTTaChainer/pettachainer/metta/petta_chainer.metta
Not specialized DistMap2Formula_Spec_[+]/4
Not specialized DistMapFormula_Spec_[partial(lambda_12,[_57688])]/3
Processed 47 / 56 examples:  84% 47/56 [19:36<03:00, 20.08s/it]2026-04-21 13:40:11,170 [INFO] Loading MeTTa library from /content/PeTTaChainer/pettachainer/metta/petta_chainer.metta
Not specialized DistMap2Formula_Spec_[+]/4
Not specialized DistMapFormula_Spec_[partial(lambda_12,[_57688])]/3
2026-04-21 13:40:20,128 [INFO] Loading MeTTa library from /content/PeTTaChainer/pettachainer/metta/petta_chainer.metta
Not specialized DistMap2Formula_Spec_[+]/4
Not specialized DistMapFormula_Spec_[partial(lambda_12,[_57688])]/3
Processed 48 / 56 examples:  86% 48/56 [20:35<04:12, 31.61s/it]2026-04-21 13:40:49,675 [INFO] Loading MeTTa library from /content/PeTTaChainer/pettachainer/metta/petta_chainer.metta
Not specialized DistMap2Formula_Spec_[+]/4
Not specialized DistMapFormula_Spec_[partial(lambda_12,[_57688])]/3
Processed 50 / 56 examples:  89% 50/56 [20:47<01:49, 18.20s/it]2026-04-21 13:41:06,376 [INFO] Loading MeTTa library from /content/PeTTaChainer/pettachainer/metta/petta_chainer.metta
Not specialized DistMap2Formula_Spec_[+]/4
Not specialized DistMapFormula_Spec_[partial(lambda_12,[_57688])]/3
Processed 51 / 56 examples:  91% 51/56 [21:13<01:43, 20.60s/it]2026-04-21 13:41:32,948 [INFO] Loading MeTTa library from /content/PeTTaChainer/pettachainer/metta/petta_chainer.metta
Not specialized DistMap2Formula_Spec_[+]/4
Not specialized DistMapFormula_Spec_[partial(lambda_12,[_57688])]/3
Processed 52 / 56 examples:  93% 52/56 [21:21<01:07, 16.88s/it]2026-04-21 13:41:39,251 [INFO] Loading MeTTa library from /content/PeTTaChainer/pettachainer/metta/petta_chainer.metta
Not specialized DistMap2Formula_Spec_[+]/4
Not specialized DistMapFormula_Spec_[partial(lambda_12,[_57688])]/3
Processed 53 / 56 examples:  95% 53/56 [21:27<00:40, 13.55s/it]2026-04-21 13:42:17,566 [INFO] Loading MeTTa library from /content/PeTTaChainer/pettachainer/metta/petta_chainer.metta
Not specialized DistMap2Formula_Spec_[+]/4
Not specialized DistMapFormula_Spec_[partial(lambda_12,[_57688])]/3
Processed 55 / 56 examples:  98% 55/56 [22:07<00:15, 15.11s/it]2026-04-21 13:43:03,578 [INFO] Loading MeTTa library from /content/PeTTaChainer/pettachainer/metta/petta_chainer.metta
Not specialized DistMap2Formula_Spec_[+]/4
Not specialized DistMapFormula_Spec_[partial(lambda_12,[_57688])]/3
2026-04-21 13:43:12,592 [INFO] Loading MeTTa library from /content/PeTTaChainer/pettachainer/metta/petta_chainer.metta
Not specialized DistMap2Formula_Spec_[+]/4
Not specialized DistMapFormula_Spec_[partial(lambda_12,[_57688])]/3
2026-04-21 13:43:48,259 [INFO] Loading MeTTa library from /content/PeTTaChainer/pettachainer/metta/petta_chainer.metta
Not specialized DistMap2Formula_Spec_[+]/4
Not specialized DistMapFormula_Spec_[partial(lambda_12,[_57688])]/3
2026-04-21 13:43:56,850 [INFO] Loading MeTTa library from /content/PeTTaChainer/pettachainer/metta/petta_chainer.metta
Not specialized DistMap2Formula_Spec_[+]/4
Not specialized DistMapFormula_Spec_[partial(lambda_12,[_57688])]/3
Processed 56 / 56 examples: 100% 56/56 [25:05<00:00, 26.88s/it]
2026/04/21 13:45:18 INFO dspy.teleprompt.simba: Scores after 5 batches: [0.471875, 0.4605, 0.303375, 0.275875, 0.395375, 0.17875, 0.391], Best: 0.471875

2026/04/21 13:45:18 INFO dspy.teleprompt.simba: Starting batch 6 of 8.
2026/04/21 13:45:20 INFO dspy.teleprompt.simba: Sampling program trajectories on 8 examples x 6 samples.
  0% 0/48 [00:00<?, ?it/s]2026-04-21 13:45:27,455 [INFO] Loading MeTTa library from /content/PeTTaChainer/pettachainer/metta/petta_chainer.metta
Not specialized DistMap2Formula_Spec_[+]/4
Not specialized DistMapFormula_Spec_[partial(lambda_12,[_57688])]/3
Processed 1 / 48 examples:   2% 1/48 [00:09<07:04,  9.02s/it]2026-04-21 13:45:39,310 [INFO] Loading MeTTa library from /content/PeTTaChainer/pettachainer/metta/petta_chainer.metta
Not specialized DistMap2Formula_Spec_[+]/4
Not specialized DistMapFormula_Spec_[partial(lambda_12,[_57688])]/3
2026-04-21 13:46:02,437 [INFO] Loading MeTTa library from /content/PeTTaChainer/pettachainer/metta/petta_chainer.metta
Not specialized DistMap2Formula_Spec_[+]/4
Not specialized DistMapFormula_Spec_[partial(lambda_12,[_57688])]/3
2026-04-21 13:46:11,344 [INFO] Loading MeTTa library from /content/PeTTaChainer/pettachainer/metta/petta_chainer.metta
Not specialized DistMap2Formula_Spec_[+]/4
Not specialized DistMapFormula_Spec_[partial(lambda_12,[_57688])]/3
Processed 4 / 48 examples:   8% 4/48 [01:04<09:20, 12.75s/it]2026-04-21 13:46:50,689 [INFO] Loading MeTTa library from /content/PeTTaChainer/pettachainer/metta/petta_chainer.metta
Not specialized DistMap2Formula_Spec_[+]/4
Not specialized DistMapFormula_Spec_[partial(lambda_12,[_57688])]/3
2026-04-21 13:46:58,914 [INFO] Loading MeTTa library from /content/PeTTaChainer/pettachainer/metta/petta_chainer.metta
Not specialized DistMap2Formula_Spec_[+]/4
Not specialized DistMapFormula_Spec_[partial(lambda_12,[_57688])]/3
2026-04-21 13:47:24,632 [INFO] Loading MeTTa library from /content/PeTTaChainer/pettachainer/metta/petta_chainer.metta
Not specialized DistMap2Formula_Spec_[+]/4
Not specialized DistMapFormula_Spec_[partial(lambda_12,[_57688])]/3
Processed 10 / 48 examples:  21% 10/48 [03:22<09:43, 15.35s/it]2026-04-21 13:49:03,197 [INFO] Loading MeTTa library from /content/PeTTaChainer/pettachainer/metta/petta_chainer.metta
Not specialized DistMap2Formula_Spec_[+]/4
Not specialized DistMapFormula_Spec_[partial(lambda_12,[_57688])]/3
2026-04-21 13:49:09,780 [INFO] Loading MeTTa library from /content/PeTTaChainer/pettachainer/metta/petta_chainer.metta
Not specialized DistMap2Formula_Spec_[+]/4
Not specialized DistMapFormula_Spec_[partial(lambda_12,[_57688])]/3
Processed 11 / 48 examples:  23% 11/48 [03:50<11:44, 19.03s/it]2026-04-21 13:49:28,718 [INFO] Loading MeTTa library from /content/PeTTaChainer/pettachainer/metta/petta_chainer.metta
Not specialized DistMap2Formula_Spec_[+]/4
Not specialized DistMapFormula_Spec_[partial(lambda_12,[_57688])]/3
Processed 13 / 48 examples:  27% 13/48 [04:35<12:05, 20.71s/it]2026-04-21 13:50:16,950 [INFO] Loading MeTTa library from /content/PeTTaChainer/pettachainer/metta/petta_chainer.metta
Not specialized DistMap2Formula_Spec_[+]/4
Not specialized DistMapFormula_Spec_[partial(lambda_12,[_57688])]/3
2026-04-21 13:50:30,769 [INFO] Loading MeTTa library from /content/PeTTaChainer/pettachainer/metta/petta_chainer.metta
Not specialized DistMap2Formula_Spec_[+]/4
Not specialized DistMapFormula_Spec_[partial(lambda_12,[_57688])]/3
Processed 16 / 48 examples:  33% 16/48 [05:39<10:08, 19.03s/it]2026-04-21 13:51:03,375 [INFO] Loading MeTTa library from /content/PeTTaChainer/pettachainer/metta/petta_chainer.metta
Not specialized DistMap2Formula_Spec_[+]/4
Not specialized DistMapFormula_Spec_[partial(lambda_12,[_57688])]/3
2026-04-21 13:51:23,935 [INFO] Loading MeTTa library from /content/PeTTaChainer/pettachainer/metta/petta_chainer.metta
Not specialized DistMap2Formula_Spec_[+]/4
Not specialized DistMapFormula_Spec_[partial(lambda_12,[_57688])]/3
Processed 19 / 48 examples:  40% 19/48 [06:15<05:57, 12.33s/it]2026-04-21 13:51:42,410 [INFO] Loading MeTTa library from /content/PeTTaChainer/pettachainer/metta/petta_chainer.metta
Not specialized DistMap2Formula_Spec_[+]/4
Not specialized DistMapFormula_Spec_[partial(lambda_12,[_57688])]/3
2026-04-21 13:51:52,836 [INFO] Loading MeTTa library from /content/PeTTaChainer/pettachainer/metta/petta_chainer.metta
Not specialized DistMap2Formula_Spec_[+]/4
Not specialized DistMapFormula_Spec_[partial(lambda_12,[_57688])]/3
Processed 22 / 48 examples:  46% 22/48 [06:43<04:04,  9.40s/it]2026-04-21 13:52:08,612 [INFO] Loading MeTTa library from /content/PeTTaChainer/pettachainer/metta/petta_chainer.metta
Not specialized DistMap2Formula_Spec_[+]/4
Not specialized DistMapFormula_Spec_[partial(lambda_12,[_57688])]/3
Processed 23 / 48 examples:  48% 23/48 [06:49<03:29,  8.38s/it]2026-04-21 13:52:18,527 [INFO] Loading MeTTa library from /content/PeTTaChainer/pettachainer/metta/petta_chainer.metta
Not specialized DistMap2Formula_Spec_[+]/4
Not specialized DistMapFormula_Spec_[partial(lambda_12,[_57688])]/3
Processed 24 / 48 examples:  50% 24/48 [07:31<07:19, 18.33s/it]2026-04-21 13:53:10,958 [INFO] Loading MeTTa library from /content/PeTTaChainer/pettachainer/metta/petta_chainer.metta
Processed 25 / 48 examples:  52% 25/48 [07:50<07:10, 18.72s/it]2026-04-21 13:53:14,077 [INFO] Loading MeTTa library from /content/PeTTaChainer/pettachainer/metta/petta_chainer.metta
Not specialized DistMap2Formula_Spec_[+]/4
Not specialized DistMapFormula_Spec_[partial(lambda_12,[_57688])]/3
Processed 26 / 48 examples:  54% 26/48 [07:54<05:14, 14.29s/it]2026-04-21 13:53:57,994 [INFO] Loading MeTTa library from /content/PeTTaChainer/pettachainer/metta/petta_chainer.metta
Not specialized DistMap2Formula_Spec_[+]/4
Not specialized DistMapFormula_Spec_[partial(lambda_12,[_57688])]/3
Processed 27 / 48 examples:  56% 27/48 [08:39<08:10, 23.38s/it]2026-04-21 13:54:03,979 [INFO] Loading MeTTa library from /content/PeTTaChainer/pettachainer/metta/petta_chainer.metta
Not specialized DistMap2Formula_Spec_[+]/4
Not specialized DistMapFormula_Spec_[partial(lambda_12,[_57688])]/3
Processed 29 / 48 examples:  60% 29/48 [09:20<07:21, 23.23s/it]2026-04-21 13:54:42,670 [INFO] Loading MeTTa library from /content/PeTTaChainer/pettachainer/metta/petta_chainer.metta
Not specialized DistMap2Formula_Spec_[+]/4
Not specialized DistMapFormula_Spec_[partial(lambda_12,[_57688])]/3
Processed 30 / 48 examples:  62% 30/48 [09:23<05:07, 17.10s/it]2026-04-21 13:54:55,677 [INFO] Loading MeTTa library from /content/PeTTaChainer/pettachainer/metta/petta_chainer.metta
Not specialized DistMap2Formula_Spec_[+]/4
Not specialized DistMapFormula_Spec_[partial(lambda_12,[_57688])]/3
Processed 31 / 48 examples:  65% 31/48 [09:36<04:28, 15.81s/it]2026-04-21 13:55:27,369 [INFO] Loading MeTTa library from /content/PeTTaChainer/pettachainer/metta/petta_chainer.metta
Not specialized DistMap2Formula_Spec_[+]/4
Not specialized DistMapFormula_Spec_[partial(lambda_12,[_57688])]/3
Processed 32 / 48 examples:  67% 32/48 [10:09<05:36, 21.04s/it]2026-04-21 13:55:35,878 [INFO] Loading MeTTa library from /content/PeTTaChainer/pettachainer/metta/petta_chainer.metta
Not specialized DistMap2Formula_Spec_[+]/4
Not specialized DistMapFormula_Spec_[partial(lambda_12,[_57688])]/3
2026-04-21 13:55:44,520 [INFO] Loading MeTTa library from /content/PeTTaChainer/pettachainer/metta/petta_chainer.metta
Not specialized DistMap2Formula_Spec_[+]/4
Not specialized DistMapFormula_Spec_[partial(lambda_12,[_57688])]/3
2026-04-21 13:56:01,089 [INFO] Loading MeTTa library from /content/PeTTaChainer/pettachainer/metta/petta_chainer.metta
Not specialized DistMap2Formula_Spec_[+]/4
Not specialized DistMapFormula_Spec_[partial(lambda_12,[_57688])]/3
2026-04-21 13:56:14,096 [INFO] Loading MeTTa library from /content/PeTTaChainer/pettachainer/metta/petta_chainer.metta
Not specialized DistMap2Formula_Spec_[+]/4
Not specialized DistMapFormula_Spec_[partial(lambda_12,[_57688])]/3
Processed 35 / 48 examples:  73% 35/48 [11:25<04:22, 20.19s/it]2026-04-21 13:57:17,450 [INFO] Loading MeTTa library from /content/PeTTaChainer/pettachainer/metta/petta_chainer.metta
Not specialized DistMap2Formula_Spec_[+]/4
Not specialized DistMapFormula_Spec_[partial(lambda_12,[_57688])]/3
2026-04-21 13:57:27,083 [INFO] Loading MeTTa library from /content/PeTTaChainer/pettachainer/metta/petta_chainer.metta
Not specialized DistMap2Formula_Spec_[+]/4
Not specialized DistMapFormula_Spec_[partial(lambda_12,[_57688])]/3
Processed 38 / 48 examples:  79% 38/48 [12:16<02:31, 15.18s/it]2026-04-21 13:57:52,174 [INFO] Loading MeTTa library from /content/PeTTaChainer/pettachainer/metta/petta_chainer.metta
Not specialized DistMap2Formula_Spec_[+]/4
Not specialized DistMapFormula_Spec_[partial(lambda_12,[_57688])]/3
Processed 39 / 48 examples:  81% 39/48 [12:41<02:41, 17.96s/it]2026-04-21 13:58:10,195 [INFO] Retrying request to /chat/completions in 0.496644 seconds
Processed 41 / 48 examples:  85% 41/48 [13:17<01:55, 16.57s/it]2026-04-21 13:58:51,980 [INFO] Loading MeTTa library from /content/PeTTaChainer/pettachainer/metta/petta_chainer.metta
Not specialized DistMap2Formula_Spec_[+]/4
Not specialized DistMapFormula_Spec_[partial(lambda_12,[_57688])]/3
2026-04-21 13:59:18,662 [INFO] Loading MeTTa library from /content/PeTTaChainer/pettachainer/metta/petta_chainer.metta
Not specialized DistMap2Formula_Spec_[+]/4
Not specialized DistMapFormula_Spec_[partial(lambda_12,[_57688])]/3
Processed 42 / 48 examples:  88% 42/48 [14:07<02:39, 26.54s/it]2026-04-21 13:59:47,328 [INFO] Loading MeTTa library from /content/PeTTaChainer/pettachainer/metta/petta_chainer.metta
Not specialized DistMap2Formula_Spec_[+]/4
Not specialized DistMapFormula_Spec_[partial(lambda_12,[_57688])]/3
Processed 43 / 48 examples:  90% 43/48 [14:28<02:05, 25.07s/it]2026-04-21 13:59:56,144 [INFO] Loading MeTTa library from /content/PeTTaChainer/pettachainer/metta/petta_chainer.metta
Not specialized DistMap2Formula_Spec_[+]/4
Not specialized DistMapFormula_Spec_[partial(lambda_12,[_57688])]/3
2026-04-21 14:00:16,026 [INFO] Loading MeTTa library from /content/PeTTaChainer/pettachainer/metta/petta_chainer.metta
Not specialized DistMap2Formula_Spec_[+]/4
Not specialized DistMapFormula_Spec_[partial(lambda_12,[_57688])]/3
Processed 44 / 48 examples:  92% 44/48 [15:10<02:00, 30.08s/it]2026-04-21 14:00:50,384 [INFO] Loading MeTTa library from /content/PeTTaChainer/pettachainer/metta/petta_chainer.metta
Not specialized DistMap2Formula_Spec_[+]/4
Not specialized DistMapFormula_Spec_[partial(lambda_12,[_57688])]/3
2026-04-21 14:00:59,540 [INFO] Loading MeTTa library from /content/PeTTaChainer/pettachainer/metta/petta_chainer.metta
Not specialized DistMap2Formula_Spec_[+]/4
Not specialized DistMapFormula_Spec_[partial(lambda_12,[_57688])]/3
Processed 48 / 48 examples: 100% 48/48 [16:32<00:00, 20.68s/it]
2026/04/21 14:01:52 INFO dspy.teleprompt.simba: Batch 6: Baseline mini-batch score: 0.09914583333333334

2026/04/21 14:01:52 INFO dspy.teleprompt.simba: Batch 6: Processing bucket #1, with max score 0.95, max-to-min gap 0.945, and max-to-avg gap 0.7133333333333333.
2026/04/21 14:01:52 INFO dspy.teleprompt.simba: Batch 6: Invoking strategy: append_a_demo_
2026/04/21 14:01:52 INFO dspy.teleprompt.simba_utils: Added 1 demos (one each) across all predictors.
2026/04/21 14:01:52 INFO dspy.teleprompt.simba: 

2026/04/21 14:01:52 INFO dspy.teleprompt.simba: Batch 6: Processing bucket #2, with max score 0.45, max-to-min gap 0.449, and max-to-avg gap 0.3075.
2026/04/21 14:01:52 INFO dspy.teleprompt.simba: Batch 6: Invoking strategy: append_a_rule
2026-04-21 14:01:56,698 [INFO] Loading MeTTa library from /content/PeTTaChainer/pettachainer/metta/petta_chainer.metta
Not specialized DistMap2Formula_Spec_[+]/4
Not specialized DistMapFormula_Spec_[partial(lambda_12,[_57688])]/3
2026-04-21 14:02:05,556 [INFO] Loading MeTTa library from /content/PeTTaChainer/pettachainer/metta/petta_chainer.metta
Not specialized DistMap2Formula_Spec_[+]/4
Not specialized DistMapFormula_Spec_[partial(lambda_12,[_57688])]/3
2026/04/21 14:02:18 INFO dspy.teleprompt.simba_utils: Advice for nl2pln.predict: If the input sentence contains an explicit date plus a relative temporal cue like 'today' or a question time cue like 'yesterday', then preserve the event time in the statement with a dedicated date-bearing predicate or argument, using the same normalized entity token as the KB (do not mix `Bob` and `bob`). For example, store a fact like `WentSwimmingOn bob 2025-10-10` or `WentSwimmingAt bob (Date 2025 10 10)` rather than flattening it to a bare `WentSwimming bob`. If the question asks 'what did X do yesterday?', query the same dated event shape or a tiny helper predicate derived from it; if the question asks 'when was X swimming?', query an atomic pattern with a time variable in the date slot, e.g. `(: $q (WentSwimmingOn bob $when) $tv)`, instead of a yes/no query. Keep the query atomic and minimal, but do not drop the time information from the stored statement.
2026/04/21 14:02:18 INFO dspy.teleprompt.simba: 

2026/04/21 14:02:18 INFO dspy.teleprompt.simba: Batch 6: Processing bucket #3, with max score 0.38, max-to-min gap 0.376, and max-to-avg gap 0.26316666666666666.
2026/04/21 14:02:18 INFO dspy.teleprompt.simba: Batch 6: Invoking strategy: append_a_demo_
2026/04/21 14:02:18 INFO dspy.teleprompt.simba_utils: Added 1 demos (one each) across all predictors.
2026/04/21 14:02:18 INFO dspy.teleprompt.simba: 

2026/04/21 14:02:18 INFO dspy.teleprompt.simba: Batch 6: Processing bucket #4, with max score 0.35, max-to-min gap 0.348, and max-to-avg gap 0.2478333333333333.
2026/04/21 14:02:18 INFO dspy.teleprompt.simba: Batch 6: Invoking strategy: append_a_demo_
2026/04/21 14:02:18 INFO dspy.teleprompt.simba_utils: Added 1 demos (one each) across all predictors.
2026/04/21 14:02:18 INFO dspy.teleprompt.simba: 

2026/04/21 14:02:18 INFO dspy.teleprompt.simba: Batch 6: Processing bucket #5, with max score 0.155, max-to-min gap 0.151, and max-to-avg gap 0.12533333333333332.
2026/04/21 14:02:18 INFO dspy.teleprompt.simba: Batch 6: Invoking strategy: append_a_demo_
2026/04/21 14:02:18 INFO dspy.teleprompt.simba_utils: Added 1 demos (one each) across all predictors.
2026/04/21 14:02:18 INFO dspy.teleprompt.simba: 

2026/04/21 14:02:18 INFO dspy.teleprompt.simba: Batch 6: Processing bucket #6, with max score 0.15, max-to-min gap 0.148, and max-to-avg gap 0.12266666666666666.
2026/04/21 14:02:18 INFO dspy.teleprompt.simba: Batch 6: Invoking strategy: append_a_demo_
2026/04/21 14:02:18 INFO dspy.teleprompt.simba_utils: Added 1 demos (one each) across all predictors.
2026/04/21 14:02:18 INFO dspy.teleprompt.simba: 

2026/04/21 14:02:18 INFO dspy.teleprompt.simba: Batch 6: Processing bucket #7, with max score 0.1, max-to-min gap 0.098, and max-to-avg gap 0.04900000000000001.
2026/04/21 14:02:18 INFO dspy.teleprompt.simba: Batch 6: Invoking strategy: append_a_rule
2026/04/21 14:02:34 INFO dspy.teleprompt.simba_utils: Advice for nl2pln.predict: If the input sentence contains a parenthetical synonym/apposition like `X (Y)` or a phrase like `X also known as Y`, then add an explicit `AlsoKnownAs` statement for the two terms, because that is usually the answer-bearing fact. If the input is a question of the form `What do/does X also known as?`, then produce a query of the form `(: $q (AlsoKnownAs x $x) $tv)` using the normalized lowercase term from the question, not a capitalized English word. Keep any extra taxonomy rules only if they help, but do not omit the direct alias fact and do not let unrelated rules replace it.
2026/04/21 14:02:34 INFO dspy.teleprompt.simba: 

2026/04/21 14:02:34 INFO dspy.teleprompt.simba: Batch 6: Evaluating 7 programs on 8 examples.
  0% 0/56 [00:00<?, ?it/s]2026-04-21 14:03:01,551 [INFO] Loading MeTTa library from /content/PeTTaChainer/pettachainer/metta/petta_chainer.metta
Not specialized DistMap2Formula_Spec_[+]/4
Not specialized DistMapFormula_Spec_[partial(lambda_12,[_57688])]/3
2026-04-21 14:03:21,040 [INFO] Loading MeTTa library from /content/PeTTaChainer/pettachainer/metta/petta_chainer.metta
Not specialized DistMap2Formula_Spec_[+]/4
Not specialized DistMapFormula_Spec_[partial(lambda_12,[_57688])]/3
Processed 3 / 56 examples:   5% 3/56 [00:59<11:49, 13.39s/it]2026-04-21 14:03:59,704 [INFO] Loading MeTTa library from /content/PeTTaChainer/pettachainer/metta/petta_chainer.metta
Not specialized DistMap2Formula_Spec_[+]/4
Not specialized DistMapFormula_Spec_[partial(lambda_12,[_57688])]/3
2026-04-21 14:04:08,022 [INFO] Loading MeTTa library from /content/PeTTaChainer/pettachainer/metta/petta_chainer.metta
Not specialized DistMap2Formula_Spec_[+]/4
Not specialized DistMapFormula_Spec_[partial(lambda_12,[_57688])]/3
2026-04-21 14:04:20,623 [INFO] Loading MeTTa library from /content/PeTTaChainer/pettachainer/metta/petta_chainer.metta
Not specialized DistMap2Formula_Spec_[+]/4
Not specialized DistMapFormula_Spec_[partial(lambda_12,[_57688])]/3
2026-04-21 14:04:29,391 [INFO] Loading MeTTa library from /content/PeTTaChainer/pettachainer/metta/petta_chainer.metta
Not specialized DistMap2Formula_Spec_[+]/4
Not specialized DistMapFormula_Spec_[partial(lambda_12,[_57688])]/3
2026-04-21 14:04:53,593 [INFO] Loading MeTTa library from /content/PeTTaChainer/pettachainer/metta/petta_chainer.metta
Not specialized DistMap2Formula_Spec_[+]/4
Not specialized DistMapFormula_Spec_[partial(lambda_12,[_57688])]/3
Processed 6 / 56 examples:  11% 6/56 [03:02<22:05, 26.50s/it]2026-04-21 14:05:42,377 [INFO] Loading MeTTa library from /content/PeTTaChainer/pettachainer/metta/petta_chainer.metta
Not specialized DistMap2Formula_Spec_[+]/4
Not specialized DistMapFormula_Spec_[partial(lambda_12,[_57688])]/3
Processed 10 / 56 examples:  18% 10/56 [04:08<11:20, 14.79s/it]2026-04-21 14:07:01,419 [INFO] Loading MeTTa library from /content/PeTTaChainer/pettachainer/metta/petta_chainer.metta
Not specialized DistMap2Formula_Spec_[+]/4
Not specialized DistMapFormula_Spec_[partial(lambda_12,[_57688])]/3
Processed 11 / 56 examples:  20% 11/56 [04:34<13:48, 18.41s/it]2026-04-21 14:07:21,613 [INFO] Loading MeTTa library from /content/PeTTaChainer/pettachainer/metta/petta_chainer.metta
Not specialized DistMap2Formula_Spec_[+]/4
Not specialized DistMapFormula_Spec_[partial(lambda_12,[_57688])]/3
2026-04-21 14:07:29,979 [INFO] Loading MeTTa library from /content/PeTTaChainer/pettachainer/metta/petta_chainer.metta
Not specialized DistMap2Formula_Spec_[+]/4
Not specialized DistMapFormula_Spec_[partial(lambda_12,[_57688])]/3
Processed 12 / 56 examples:  21% 12/56 [05:17<18:56, 25.83s/it]2026-04-21 14:08:33,771 [INFO] Loading MeTTa library from /content/PeTTaChainer/pettachainer/metta/petta_chainer.metta
Not specialized DistMap2Formula_Spec_[+]/4
Not specialized DistMapFormula_Spec_[partial(lambda_12,[_57688])]/3
Processed 13 / 56 examples:  23% 13/56 [06:01<22:29, 31.39s/it]2026-04-21 14:08:41,036 [INFO] Loading MeTTa library from /content/PeTTaChainer/pettachainer/metta/petta_chainer.metta
Not specialized DistMap2Formula_Spec_[+]/4
Not specialized DistMapFormula_Spec_[partial(lambda_12,[_57688])]/3
Processed 14 / 56 examples:  25% 14/56 [06:08<16:44, 23.92s/it]2026-04-21 14:08:49,735 [INFO] Loading MeTTa library from /content/PeTTaChainer/pettachainer/metta/petta_chainer.metta
Not specialized DistMap2Formula_Spec_[+]/4
Not specialized DistMapFormula_Spec_[partial(lambda_12,[_57688])]/3
2026-04-21 14:09:30,635 [INFO] Loading MeTTa library from /content/PeTTaChainer/pettachainer/metta/petta_chainer.metta
Not specialized DistMap2Formula_Spec_[+]/4
Not specialized DistMapFormula_Spec_[partial(lambda_12,[_57688])]/3
Processed 17 / 56 examples:  30% 17/56 [07:28<15:01, 23.13s/it]2026-04-21 14:10:04,325 [INFO] Loading MeTTa library from /content/PeTTaChainer/pettachainer/metta/petta_chainer.metta
Not specialized DistMap2Formula_Spec_[+]/4
Not specialized DistMapFormula_Spec_[partial(lambda_12,[_57688])]/3
2026-04-21 14:10:25,294 [INFO] Loading MeTTa library from /content/PeTTaChainer/pettachainer/metta/petta_chainer.metta
Not specialized DistMap2Formula_Spec_[+]/4
Not specialized DistMapFormula_Spec_[partial(lambda_12,[_57688])]/3
Processed 19 / 56 examples:  34% 19/56 [08:14<13:33, 21.99s/it]2026-04-21 14:11:13,169 [INFO] Loading MeTTa library from /content/PeTTaChainer/pettachainer/metta/petta_chainer.metta
Not specialized DistMap2Formula_Spec_[+]/4
Not specialized DistMapFormula_Spec_[partial(lambda_12,[_57688])]/3
Processed 20 / 56 examples:  36% 20/56 [08:40<13:53, 23.15s/it]2026-04-21 14:11:17,741 [INFO] Loading MeTTa library from /content/PeTTaChainer/pettachainer/metta/petta_chainer.metta
Not specialized DistMap2Formula_Spec_[+]/4
Not specialized DistMapFormula_Spec_[partial(lambda_12,[_57688])]/3
2026-04-21 14:11:34,726 [INFO] Loading MeTTa library from /content/PeTTaChainer/pettachainer/metta/petta_chainer.metta
Not specialized DistMap2Formula_Spec_[+]/4
Not specialized DistMapFormula_Spec_[partial(lambda_12,[_57688])]/3
Processed 21 / 56 examples:  38% 21/56 [09:01<13:10, 22.60s/it]2026-04-21 14:11:39,559 [INFO] Loading MeTTa library from /content/PeTTaChainer/pettachainer/metta/petta_chainer.metta
Processed 22 / 56 examples:  39% 22/56 [09:05<09:41, 17.11s/it]2026-04-21 14:11:54,401 [INFO] Loading MeTTa library from /content/PeTTaChainer/pettachainer/metta/petta_chainer.metta
Not specialized DistMap2Formula_Spec_[+]/4
Not specialized DistMapFormula_Spec_[partial(lambda_12,[_57688])]/3
Processed 23 / 56 examples:  41% 23/56 [09:39<12:07, 22.06s/it]2026-04-21 14:12:36,012 [INFO] Loading MeTTa library from /content/PeTTaChainer/pettachainer/metta/petta_chainer.metta
Not specialized DistMap2Formula_Spec_[+]/4
Not specialized DistMapFormula_Spec_[partial(lambda_12,[_57688])]/3
Processed 24 / 56 examples:  43% 24/56 [10:15<13:59, 26.22s/it]2026-04-21 14:12:53,016 [INFO] Loading MeTTa library from /content/PeTTaChainer/pettachainer/metta/petta_chainer.metta
Not specialized DistMap2Formula_Spec_[+]/4
Not specialized DistMapFormula_Spec_[partial(lambda_12,[_57688])]/3
2026-04-21 14:13:01,272 [INFO] Loading MeTTa library from /content/PeTTaChainer/pettachainer/metta/petta_chainer.metta
Not specialized DistMap2Formula_Spec_[+]/4
Not specialized DistMapFormula_Spec_[partial(lambda_12,[_57688])]/3
Processed 25 / 56 examples:  45% 25/56 [10:28<11:35, 22.42s/it]2026-04-21 14:13:10,192 [INFO] Loading MeTTa library from /content/PeTTaChainer/pettachainer/metta/petta_chainer.metta
Not specialized DistMap2Formula_Spec_[+]/4
Not specialized DistMapFormula_Spec_[partial(lambda_12,[_57688])]/3
2026-04-21 14:13:27,083 [INFO] Loading MeTTa library from /content/PeTTaChainer/pettachainer/metta/petta_chainer.metta
Not specialized DistMap2Formula_Spec_[+]/4
Not specialized DistMapFormula_Spec_[partial(lambda_12,[_57688])]/3
Processed 26 / 56 examples:  46% 26/56 [10:54<11:44, 23.49s/it]Prediction(
    statements=['(: cameraIsDeviceRule (Implication (Premises (Camera $x)) (Conclusions (Device $x))) (STV 1.0 1.0))', '(: cameraTakesPicturesRule (Implication (Premises (Camera $x)) (Conclusions (TakesPictures $x))) (STV 1.0 1.0))'],
    queries=[[]]
)
Error occured in difficulty_metric: list index out of range
Traceback (most recent call last):
  File "/content/NL2PLN/src/nl2pln.py", line 119, in difficulty_metric
    proofs.append(metta_handler.query(qr[0]))
                                      ~~^^^
IndexError: list index out of range

During handling of the above exception, another exception occurred:

Traceback (most recent call last):
  File "/content/NL2PLN/src/nl2pln.py", line 123, in difficulty_metric
    feedback=f"""The query {qr[0]} did not follow the right syntax. Follow the pln light spec {pln_spec}. Details: {e}"""
                            ~~^^^
IndexError: list index out of range
Processed 27 / 56 examples:  48% 27/56 [10:57<08:20, 17.26s/it]2026-04-21 14:13:51,643 [INFO] Loading MeTTa library from /content/PeTTaChainer/pettachainer/metta/petta_chainer.metta
Not specialized DistMap2Formula_Spec_[+]/4
Not specialized DistMapFormula_Spec_[partial(lambda_12,[_57688])]/3
2026-04-21 14:14:00,555 [INFO] Loading MeTTa library from /content/PeTTaChainer/pettachainer/metta/petta_chainer.metta
Not specialized DistMap2Formula_Spec_[+]/4
Not specialized DistMapFormula_Spec_[partial(lambda_12,[_57688])]/3
Processed 28 / 56 examples:  50% 28/56 [11:37<11:12, 24.03s/it]2026-04-21 14:14:50,487 [INFO] Loading MeTTa library from /content/PeTTaChainer/pettachainer/metta/petta_chainer.metta
Not specialized DistMap2Formula_Spec_[+]/4
Not specialized DistMapFormula_Spec_[partial(lambda_12,[_57688])]/3
Processed 32 / 56 examples:  57% 32/56 [12:35<05:14, 13.09s/it]2026-04-21 14:15:31,830 [INFO] Loading MeTTa library from /content/PeTTaChainer/pettachainer/metta/petta_chainer.metta
Not specialized DistMap2Formula_Spec_[+]/4
Not specialized DistMapFormula_Spec_[partial(lambda_12,[_57688])]/3
Processed 33 / 56 examples:  59% 33/56 [13:12<07:45, 20.23s/it]2026-04-21 14:15:49,386 [INFO] Loading MeTTa library from /content/PeTTaChainer/pettachainer/metta/petta_chainer.metta
Not specialized DistMap2Formula_Spec_[+]/4
Not specialized DistMapFormula_Spec_[partial(lambda_12,[_57688])]/3
Processed 34 / 56 examples:  61% 34/56 [13:16<05:38, 15.37s/it]2026-04-21 14:15:55,346 [INFO] Loading MeTTa library from /content/PeTTaChainer/pettachainer/metta/petta_chainer.metta
Not specialized DistMap2Formula_Spec_[+]/4
Not specialized DistMapFormula_Spec_[partial(lambda_12,[_57688])]/3
Processed 35 / 56 examples:  62% 35/56 [13:21<04:19, 12.38s/it]2026-04-21 14:16:20,618 [INFO] Loading MeTTa library from /content/PeTTaChainer/pettachainer/metta/petta_chainer.metta
Not specialized DistMap2Formula_Spec_[+]/4
Not specialized DistMapFormula_Spec_[partial(lambda_12,[_57688])]/3
Processed 37 / 56 examples:  66% 37/56 [13:58<04:24, 13.94s/it]2026-04-21 14:16:41,560 [INFO] Loading MeTTa library from /content/PeTTaChainer/pettachainer/metta/petta_chainer.metta
Not specialized DistMap2Formula_Spec_[+]/4
Not specialized DistMapFormula_Spec_[partial(lambda_12,[_57688])]/3
2026-04-21 14:17:01,422 [INFO] Loading MeTTa library from /content/PeTTaChainer/pettachainer/metta/petta_chainer.metta
Not specialized DistMap2Formula_Spec_[+]/4
Not specialized DistMapFormula_Spec_[partial(lambda_12,[_57688])]/3
2026-04-21 14:17:11,403 [INFO] Loading MeTTa library from /content/PeTTaChainer/pettachainer/metta/petta_chainer.metta
Not specialized DistMap2Formula_Spec_[+]/4
Not specialized DistMapFormula_Spec_[partial(lambda_12,[_57688])]/3
Processed 39 / 56 examples:  70% 39/56 [15:04<06:13, 21.99s/it]2026-04-21 14:17:49,856 [INFO] Loading MeTTa library from /content/PeTTaChainer/pettachainer/metta/petta_chainer.metta
Not specialized DistMap2Formula_Spec_[+]/4
Not specialized DistMapFormula_Spec_[partial(lambda_12,[_57688])]/3
2026-04-21 14:17:58,613 [INFO] Loading MeTTa library from /content/PeTTaChainer/pettachainer/metta/petta_chainer.metta
Not specialized DistMap2Formula_Spec_[+]/4
Not specialized DistMapFormula_Spec_[partial(lambda_12,[_57688])]/3
Processed 42 / 56 examples:  75% 42/56 [15:43<03:20, 14.35s/it]2026-04-21 14:18:42,597 [INFO] Loading MeTTa library from /content/PeTTaChainer/pettachainer/metta/petta_chainer.metta
Not specialized DistMap2Formula_Spec_[+]/4
Not specialized DistMapFormula_Spec_[partial(lambda_12,[_57688])]/3
Processed 43 / 56 examples:  77% 43/56 [16:09<03:51, 17.77s/it]2026-04-21 14:18:47,180 [INFO] Loading MeTTa library from /content/PeTTaChainer/pettachainer/metta/petta_chainer.metta
Not specialized DistMap2Formula_Spec_[+]/4
Not specialized DistMapFormula_Spec_[partial(lambda_12,[_57688])]/3
Processed 45 / 56 examples:  80% 45/56 [16:36<02:38, 14.37s/it]2026-04-21 14:19:13,331 [INFO] Loading MeTTa library from /content/PeTTaChainer/pettachainer/metta/petta_chainer.metta
Not specialized DistMap2Formula_Spec_[+]/4
Not specialized DistMapFormula_Spec_[partial(lambda_12,[_57688])]/3
Processed 46 / 56 examples:  82% 46/56 [16:39<01:51, 11.14s/it]2026-04-21 14:19:30,801 [INFO] Loading MeTTa library from /content/PeTTaChainer/pettachainer/metta/petta_chainer.metta
Not specialized DistMap2Formula_Spec_[+]/4
Not specialized DistMapFormula_Spec_[partial(lambda_12,[_57688])]/3
2026-04-21 14:19:46,993 [INFO] Loading MeTTa library from /content/PeTTaChainer/pettachainer/metta/petta_chainer.metta
Not specialized DistMap2Formula_Spec_[+]/4
Not specialized DistMapFormula_Spec_[partial(lambda_12,[_57688])]/3
Processed 47 / 56 examples:  84% 47/56 [17:27<03:19, 22.16s/it]2026-04-21 14:20:15,251 [INFO] Loading MeTTa library from /content/PeTTaChainer/pettachainer/metta/petta_chainer.metta
Not specialized DistMap2Formula_Spec_[+]/4
Not specialized DistMapFormula_Spec_[partial(lambda_12,[_57688])]/3
2026-04-21 14:20:24,326 [INFO] Loading MeTTa library from /content/PeTTaChainer/pettachainer/metta/petta_chainer.metta
Not specialized DistMap2Formula_Spec_[+]/4
Not specialized DistMapFormula_Spec_[partial(lambda_12,[_57688])]/3
2026-04-21 14:20:32,246 [INFO] Loading MeTTa library from /content/PeTTaChainer/pettachainer/metta/petta_chainer.metta
Not specialized DistMap2Formula_Spec_[+]/4
Not specialized DistMapFormula_Spec_[partial(lambda_12,[_57688])]/3
Processed 48 / 56 examples:  86% 48/56 [18:06<03:36, 27.10s/it]2026-04-21 14:21:03,998 [INFO] Loading MeTTa library from /content/PeTTaChainer/pettachainer/metta/petta_chainer.metta
Not specialized DistMap2Formula_Spec_[+]/4
Not specialized DistMapFormula_Spec_[partial(lambda_12,[_57688])]/3
Processed 49 / 56 examples:  88% 49/56 [18:35<03:14, 27.83s/it]2026-04-21 14:21:22,663 [INFO] Loading MeTTa library from /content/PeTTaChainer/pettachainer/metta/petta_chainer.metta
Not specialized DistMap2Formula_Spec_[+]/4
Not specialized DistMapFormula_Spec_[partial(lambda_12,[_57688])]/3
2026-04-21 14:21:56,119 [INFO] Loading MeTTa library from /content/PeTTaChainer/pettachainer/metta/petta_chainer.metta
Not specialized DistMap2Formula_Spec_[+]/4
Not specialized DistMapFormula_Spec_[partial(lambda_12,[_57688])]/3
Processed 51 / 56 examples:  91% 51/56 [19:54<02:43, 32.74s/it]2026-04-21 14:22:49,257 [INFO] Loading MeTTa library from /content/PeTTaChainer/pettachainer/metta/petta_chainer.metta
Not specialized DistMap2Formula_Spec_[+]/4
Not specialized DistMapFormula_Spec_[partial(lambda_12,[_57688])]/3
Processed 52 / 56 examples:  93% 52/56 [20:23<02:07, 31.76s/it]2026-04-21 14:22:58,680 [INFO] Loading MeTTa library from /content/PeTTaChainer/pettachainer/metta/petta_chainer.metta
Not specialized DistMap2Formula_Spec_[+]/4
Not specialized DistMapFormula_Spec_[partial(lambda_12,[_57688])]/3
Processed 53 / 56 examples:  95% 53/56 [20:25<01:08, 22.82s/it]2026-04-21 14:23:14,239 [INFO] Loading MeTTa library from /content/PeTTaChainer/pettachainer/metta/petta_chainer.metta
Not specialized DistMap2Formula_Spec_[+]/4
Not specialized DistMapFormula_Spec_[partial(lambda_12,[_57688])]/3
Processed 55 / 56 examples:  98% 55/56 [20:51<00:16, 16.64s/it]2026-04-21 14:23:42,158 [INFO] Loading MeTTa library from /content/PeTTaChainer/pettachainer/metta/petta_chainer.metta
Not specialized DistMap2Formula_Spec_[+]/4
Not specialized DistMapFormula_Spec_[partial(lambda_12,[_57688])]/3
Processed 56 / 56 examples: 100% 56/56 [21:18<00:00, 22.82s/it]
2026/04/21 14:23:52 INFO dspy.teleprompt.simba: Scores after 6 batches: [0.24025000000000002, 0.222625, 0.1205, 0.201125, 0.257625, 0.1955, 0.34875], Best: 0.34875

2026/04/21 14:23:52 INFO dspy.teleprompt.simba: Starting batch 7 of 8.
2026/04/21 14:23:55 INFO dspy.teleprompt.simba: Sampling program trajectories on 8 examples x 6 samples.
  0% 0/48 [00:00<?, ?it/s]2026-04-21 14:24:03,406 [INFO] Loading MeTTa library from /content/PeTTaChainer/pettachainer/metta/petta_chainer.metta
Not specialized DistMap2Formula_Spec_[+]/4
Not specialized DistMapFormula_Spec_[partial(lambda_12,[_57688])]/3
Processed 4 / 48 examples:   8% 4/48 [00:31<04:27,  6.07s/it]2026-04-21 14:24:35,306 [INFO] Loading MeTTa library from /content/PeTTaChainer/pettachainer/metta/petta_chainer.metta
Not specialized DistMap2Formula_Spec_[+]/4
Not specialized DistMapFormula_Spec_[partial(lambda_12,[_57688])]/3
2026-04-21 14:24:44,518 [INFO] Loading MeTTa library from /content/PeTTaChainer/pettachainer/metta/petta_chainer.metta
Not specialized DistMap2Formula_Spec_[+]/4
Not specialized DistMapFormula_Spec_[partial(lambda_12,[_57688])]/3
Processed 6 / 48 examples:  12% 6/48 [01:01<06:45,  9.65s/it]2026-04-21 14:25:14,026 [INFO] Loading MeTTa library from /content/PeTTaChainer/pettachainer/metta/petta_chainer.metta
Not specialized DistMap2Formula_Spec_[+]/4
Not specialized DistMapFormula_Spec_[partial(lambda_12,[_57688])]/3
2026-04-21 14:25:27,113 [INFO] Loading MeTTa library from /content/PeTTaChainer/pettachainer/metta/petta_chainer.metta
Not specialized DistMap2Formula_Spec_[+]/4
Not specialized DistMapFormula_Spec_[partial(lambda_12,[_57688])]/3
Processed 10 / 48 examples:  21% 10/48 [01:46<04:54,  7.76s/it]2026-04-21 14:25:46,765 [INFO] Loading MeTTa library from /content/PeTTaChainer/pettachainer/metta/petta_chainer.metta
Not specialized DistMap2Formula_Spec_[+]/4
Not specialized DistMapFormula_Spec_[partial(lambda_12,[_57688])]/3
2026-04-21 14:25:55,875 [INFO] Loading MeTTa library from /content/PeTTaChainer/pettachainer/metta/petta_chainer.metta
Not specialized DistMap2Formula_Spec_[+]/4
Not specialized DistMapFormula_Spec_[partial(lambda_12,[_57688])]/3
Processed 11 / 48 examples:  23% 11/48 [02:01<06:15, 10.16s/it]2026-04-21 14:26:28,366 [INFO] Loading MeTTa library from /content/PeTTaChainer/pettachainer/metta/petta_chainer.metta
Not specialized DistMap2Formula_Spec_[+]/4
Not specialized DistMapFormula_Spec_[partial(lambda_12,[_57688])]/3
Processed 13 / 48 examples:  27% 13/48 [02:38<07:41, 13.17s/it]2026-04-21 14:26:37,965 [INFO] Loading MeTTa library from /content/PeTTaChainer/pettachainer/metta/petta_chainer.metta
Not specialized DistMap2Formula_Spec_[+]/4
Not specialized DistMapFormula_Spec_[partial(lambda_12,[_57688])]/3
Processed 15 / 48 examples:  31% 15/48 [03:00<06:15, 11.37s/it]2026-04-21 14:26:58,866 [INFO] Loading MeTTa library from /content/PeTTaChainer/pettachainer/metta/petta_chainer.metta
Not specialized DistMap2Formula_Spec_[+]/4
Not specialized DistMapFormula_Spec_[partial(lambda_12,[_57688])]/3
2026-04-21 14:27:16,599 [INFO] Loading MeTTa library from /content/PeTTaChainer/pettachainer/metta/petta_chainer.metta
Not specialized DistMap2Formula_Spec_[+]/4
Not specialized DistMapFormula_Spec_[partial(lambda_12,[_57688])]/3
Processed 16 / 48 examples:  33% 16/48 [03:36<09:55, 18.60s/it]2026-04-21 14:27:54,204 [INFO] Loading MeTTa library from /content/PeTTaChainer/pettachainer/metta/petta_chainer.metta
Not specialized DistMap2Formula_Spec_[+]/4
Not specialized DistMapFormula_Spec_[partial(lambda_12,[_57688])]/3
2026-04-21 14:28:03,327 [INFO] Loading MeTTa library from /content/PeTTaChainer/pettachainer/metta/petta_chainer.metta
Not specialized DistMap2Formula_Spec_[+]/4
Not specialized DistMapFormula_Spec_[partial(lambda_12,[_57688])]/3
Processed 17 / 48 examples:  35% 17/48 [04:15<12:49, 24.82s/it]2026-04-21 14:28:31,854 [INFO] Loading MeTTa library from /content/PeTTaChainer/pettachainer/metta/petta_chainer.metta
Not specialized DistMap2Formula_Spec_[+]/4
Not specialized DistMapFormula_Spec_[partial(lambda_12,[_57688])]/3
Processed 19 / 48 examples:  40% 19/48 [04:41<08:39, 17.90s/it]2026-04-21 14:28:42,483 [INFO] Loading MeTTa library from /content/PeTTaChainer/pettachainer/metta/petta_chainer.metta
Not specialized DistMap2Formula_Spec_[+]/4
Not specialized DistMapFormula_Spec_[partial(lambda_12,[_57688])]/3
Processed 21 / 48 examples:  44% 21/48 [05:02<06:31, 14.50s/it]2026-04-21 14:29:01,391 [INFO] Loading MeTTa library from /content/PeTTaChainer/pettachainer/metta/petta_chainer.metta
Not specialized DistMap2Formula_Spec_[+]/4
Not specialized DistMapFormula_Spec_[partial(lambda_12,[_57688])]/3
2026-04-21 14:29:21,008 [INFO] Loading MeTTa library from /content/PeTTaChainer/pettachainer/metta/petta_chainer.metta
Not specialized DistMap2Formula_Spec_[+]/4
Not specialized DistMapFormula_Spec_[partial(lambda_12,[_57688])]/3
Processed 22 / 48 examples:  46% 22/48 [05:33<08:27, 19.52s/it]2026-04-21 14:29:44,791 [INFO] Loading MeTTa library from /content/PeTTaChainer/pettachainer/metta/petta_chainer.metta
Not specialized DistMap2Formula_Spec_[+]/4
Not specialized DistMapFormula_Spec_[partial(lambda_12,[_57688])]/3
Processed 23 / 48 examples:  48% 23/48 [05:49<07:41, 18.45s/it]2026-04-21 14:30:01,980 [INFO] Loading MeTTa library from /content/PeTTaChainer/pettachainer/metta/petta_chainer.metta
Not specialized DistMap2Formula_Spec_[+]/4
Not specialized DistMapFormula_Spec_[partial(lambda_12,[_57688])]/3
Processed 26 / 48 examples:  54% 26/48 [06:18<04:13, 11.52s/it]2026-04-21 14:30:29,254 [INFO] Loading MeTTa library from /content/PeTTaChainer/pettachainer/metta/petta_chainer.metta
Not specialized DistMap2Formula_Spec_[+]/4
Not specialized DistMapFormula_Spec_[partial(lambda_12,[_57688])]/3
2026-04-21 14:30:38,269 [INFO] Loading MeTTa library from /content/PeTTaChainer/pettachainer/metta/petta_chainer.metta
Not specialized DistMap2Formula_Spec_[+]/4
Not specialized DistMapFormula_Spec_[partial(lambda_12,[_57688])]/3
2026-04-21 14:30:49,711 [INFO] Loading MeTTa library from /content/PeTTaChainer/pettachainer/metta/petta_chainer.metta
Not specialized DistMap2Formula_Spec_[+]/4
Not specialized DistMapFormula_Spec_[partial(lambda_12,[_57688])]/3
2026-04-21 14:30:57,661 [INFO] Loading MeTTa library from /content/PeTTaChainer/pettachainer/metta/petta_chainer.metta
Not specialized DistMap2Formula_Spec_[+]/4
Not specialized DistMapFormula_Spec_[partial(lambda_12,[_57688])]/3
Processed 27 / 48 examples:  56% 27/48 [07:23<09:37, 27.48s/it]2026-04-21 14:31:21,667 [INFO] Loading MeTTa library from /content/PeTTaChainer/pettachainer/metta/petta_chainer.metta
Not specialized DistMap2Formula_Spec_[+]/4
Not specialized DistMapFormula_Spec_[partial(lambda_12,[_57688])]/3
2026-04-21 14:31:30,849 [INFO] Loading MeTTa library from /content/PeTTaChainer/pettachainer/metta/petta_chainer.metta
Not specialized DistMap2Formula_Spec_[+]/4
Not specialized DistMapFormula_Spec_[partial(lambda_12,[_57688])]/3
2026-04-21 14:31:39,933 [INFO] Loading MeTTa library from /content/PeTTaChainer/pettachainer/metta/petta_chainer.metta
Not specialized DistMap2Formula_Spec_[+]/4
Not specialized DistMapFormula_Spec_[partial(lambda_12,[_57688])]/3
Processed 28 / 48 examples:  58% 28/48 [07:51<09:16, 27.84s/it]2026-04-21 14:31:49,755 [INFO] Loading MeTTa library from /content/PeTTaChainer/pettachainer/metta/petta_chainer.metta
Not specialized DistMap2Formula_Spec_[+]/4
Not specialized DistMapFormula_Spec_[partial(lambda_12,[_57688])]/3
Processed 29 / 48 examples:  60% 29/48 [07:56<06:38, 20.98s/it]2026-04-21 14:31:57,177 [INFO] Loading MeTTa library from /content/PeTTaChainer/pettachainer/metta/petta_chainer.metta
Processed 30 / 48 examples:  62% 30/48 [08:02<04:52, 16.22s/it]2026-04-21 14:32:14,424 [INFO] Loading MeTTa library from /content/PeTTaChainer/pettachainer/metta/petta_chainer.metta
Not specialized DistMap2Formula_Spec_[+]/4
Not specialized DistMapFormula_Spec_[partial(lambda_12,[_57688])]/3
2026-04-21 14:32:33,483 [INFO] Loading MeTTa library from /content/PeTTaChainer/pettachainer/metta/petta_chainer.metta
Not specialized DistMap2Formula_Spec_[+]/4
Not specialized DistMapFormula_Spec_[partial(lambda_12,[_57688])]/3
2026-04-21 14:32:41,453 [INFO] Loading MeTTa library from /content/PeTTaChainer/pettachainer/metta/petta_chainer.metta
Not specialized DistMap2Formula_Spec_[+]/4
Not specialized DistMapFormula_Spec_[partial(lambda_12,[_57688])]/3
Processed 32 / 48 examples:  67% 32/48 [09:10<06:06, 22.88s/it]2026-04-21 14:33:23,375 [INFO] Loading MeTTa library from /content/PeTTaChainer/pettachainer/metta/petta_chainer.metta
Not specialized DistMap2Formula_Spec_[+]/4
Not specialized DistMapFormula_Spec_[partial(lambda_12,[_57688])]/3
Processed 33 / 48 examples:  69% 33/48 [09:34<05:46, 23.13s/it]2026-04-21 14:33:49,513 [INFO] Loading MeTTa library from /content/PeTTaChainer/pettachainer/metta/petta_chainer.metta
Not specialized DistMap2Formula_Spec_[+]/4
Not specialized DistMapFormula_Spec_[partial(lambda_12,[_57688])]/3
2026-04-21 14:33:57,663 [INFO] Loading MeTTa library from /content/PeTTaChainer/pettachainer/metta/petta_chainer.metta
Not specialized DistMap2Formula_Spec_[+]/4
Not specialized DistMapFormula_Spec_[partial(lambda_12,[_57688])]/3
2026-04-21 14:34:07,123 [INFO] Loading MeTTa library from /content/PeTTaChainer/pettachainer/metta/petta_chainer.metta
Not specialized DistMap2Formula_Spec_[+]/4
Not specialized DistMapFormula_Spec_[partial(lambda_12,[_57688])]/3
2026-04-21 14:34:16,412 [INFO] Loading MeTTa library from /content/PeTTaChainer/pettachainer/metta/petta_chainer.metta
Not specialized DistMap2Formula_Spec_[+]/4
Not specialized DistMapFormula_Spec_[partial(lambda_12,[_57688])]/3
Processed 36 / 48 examples:  75% 36/48 [11:02<05:16, 26.34s/it]2026-04-21 14:35:10,369 [INFO] Loading MeTTa library from /content/PeTTaChainer/pettachainer/metta/petta_chainer.metta
Not specialized DistMap2Formula_Spec_[+]/4
Not specialized DistMapFormula_Spec_[partial(lambda_12,[_57688])]/3
2026-04-21 14:35:36,182 [INFO] Loading MeTTa library from /content/PeTTaChainer/pettachainer/metta/petta_chainer.metta
Not specialized DistMap2Formula_Spec_[+]/4
Not specialized DistMapFormula_Spec_[partial(lambda_12,[_57688])]/3
Processed 38 / 48 examples:  79% 38/48 [11:52<03:57, 23.78s/it]2026-04-21 14:35:58,542 [INFO] Loading MeTTa library from /content/PeTTaChainer/pettachainer/metta/petta_chainer.metta
Not specialized DistMap2Formula_Spec_[+]/4
Not specialized DistMapFormula_Spec_[partial(lambda_12,[_57688])]/3
Processed 39 / 48 examples:  81% 39/48 [12:08<03:10, 21.21s/it]2026-04-21 14:36:25,520 [INFO] Loading MeTTa library from /content/PeTTaChainer/pettachainer/metta/petta_chainer.metta
Not specialized DistMap2Formula_Spec_[+]/4
Not specialized DistMapFormula_Spec_[partial(lambda_12,[_57688])]/3
Processed 40 / 48 examples:  83% 40/48 [12:31<02:55, 21.90s/it]2026-04-21 14:36:39,743 [INFO] Loading MeTTa library from /content/PeTTaChainer/pettachainer/metta/petta_chainer.metta
Not specialized DistMap2Formula_Spec_[+]/4
Not specialized DistMapFormula_Spec_[partial(lambda_12,[_57688])]/3
2026-04-21 14:36:48,070 [INFO] Loading MeTTa library from /content/PeTTaChainer/pettachainer/metta/petta_chainer.metta
Processed 41 / 48 examples:  85% 41/48 [12:53<02:32, 21.80s/it]Not specialized DistMap2Formula_Spec_[+]/4
Not specialized DistMapFormula_Spec_[partial(lambda_12,[_57688])]/3
2026-04-21 14:37:10,899 [INFO] Loading MeTTa library from /content/PeTTaChainer/pettachainer/metta/petta_chainer.metta
Not specialized DistMap2Formula_Spec_[+]/4
Not specialized DistMapFormula_Spec_[partial(lambda_12,[_57688])]/3
2026-04-21 14:37:20,020 [INFO] Loading MeTTa library from /content/PeTTaChainer/pettachainer/metta/petta_chainer.metta
Not specialized DistMap2Formula_Spec_[+]/4
Not specialized DistMapFormula_Spec_[partial(lambda_12,[_57688])]/3
Processed 42 / 48 examples:  88% 42/48 [13:29<02:36, 26.12s/it]2026-04-21 14:37:30,888 [INFO] Loading MeTTa library from /content/PeTTaChainer/pettachainer/metta/petta_chainer.metta
Not specialized DistMap2Formula_Spec_[+]/4
Not specialized DistMapFormula_Spec_[partial(lambda_12,[_57688])]/3
2026-04-21 14:37:38,970 [INFO] Loading MeTTa library from /content/PeTTaChainer/pettachainer/metta/petta_chainer.metta
Not specialized DistMap2Formula_Spec_[+]/4
Not specialized DistMapFormula_Spec_[partial(lambda_12,[_57688])]/3
Processed 43 / 48 examples:  90% 43/48 [13:57<02:13, 26.62s/it]2026-04-21 14:38:05,080 [INFO] Loading MeTTa library from /content/PeTTaChainer/pettachainer/metta/petta_chainer.metta
Not specialized DistMap2Formula_Spec_[+]/4
Not specialized DistMapFormula_Spec_[partial(lambda_12,[_57688])]/3
2026-04-21 14:38:14,611 [INFO] Loading MeTTa library from /content/PeTTaChainer/pettachainer/metta/petta_chainer.metta
Not specialized DistMap2Formula_Spec_[+]/4
Not specialized DistMapFormula_Spec_[partial(lambda_12,[_57688])]/3
Processed 46 / 48 examples:  96% 46/48 [14:32<00:30, 15.03s/it]2026-04-21 14:38:50,292 [INFO] Loading MeTTa library from /content/PeTTaChainer/pettachainer/metta/petta_chainer.metta
Not specialized DistMap2Formula_Spec_[+]/4
Not specialized DistMapFormula_Spec_[partial(lambda_12,[_57688])]/3
2026-04-21 14:39:08,722 [INFO] Loading MeTTa library from /content/PeTTaChainer/pettachainer/metta/petta_chainer.metta
Not specialized DistMap2Formula_Spec_[+]/4
Not specialized DistMapFormula_Spec_[partial(lambda_12,[_57688])]/3
Processed 48 / 48 examples: 100% 48/48 [15:41<00:00, 19.61s/it]
2026/04/21 14:39:36 INFO dspy.teleprompt.simba: Batch 7: Baseline mini-batch score: 0.21339583333333334

2026/04/21 14:39:36 INFO dspy.teleprompt.simba: Batch 7: Processing bucket #1, with max score 0.95, max-to-min gap 0.949, and max-to-avg gap 0.6146666666666667.
2026/04/21 14:39:36 INFO dspy.teleprompt.simba: Batch 7: Invoking strategy: append_a_rule
2026/04/21 14:39:45 INFO dspy.teleprompt.simba_utils: Advice for nl2pln.predict: If the input says that several named people are "helping each other" with a shared activity, then do not compress it into one n-ary `HelpingEachOther...` fact and do not query that same predicate directly for pairwise or who-questions. Instead, emit either explicit pairwise `HelpsWithHomework` facts for every relevant ordered pair, or a single group fact plus helper rules that derive exactly the question-facing predicates (`HelpsWithHomework`, `ProvidingHelpWithHomework`). If the question is yes/no about one person helping another, query one atomic pairwise fact pattern like `(: $prf (HelpsWithHomework Mark Anna) $tv)`. If the question asks who is providing help, query one atomic unary predicate like `(: $prf (ProvidingHelpWithHomework $who) $tv)`. Keep the query shape as a single atomic pattern with the proof variable first and `$tv` last; avoid embedding free variables in a complex multi-argument predicate unless that exact predicate already appears in context and matches the question form exactly.
2026/04/21 14:39:45 INFO dspy.teleprompt.simba: 

2026/04/21 14:39:45 INFO dspy.teleprompt.simba: Batch 7: Processing bucket #2, with max score 0.83, max-to-min gap 0.825, and max-to-avg gap 0.4825.
2026/04/21 14:39:45 INFO dspy.teleprompt.simba: Batch 7: Invoking strategy: append_a_demo_
2026/04/21 14:39:45 INFO dspy.teleprompt.simba_utils: Added 1 demos (one each) across all predictors.
2026/04/21 14:39:45 INFO dspy.teleprompt.simba: 

2026/04/21 14:39:45 INFO dspy.teleprompt.simba: Batch 7: Processing bucket #3, with max score 0.72, max-to-min gap 0.719, and max-to-avg gap 0.3498333333333333.
2026/04/21 14:39:45 INFO dspy.teleprompt.simba: Batch 7: Invoking strategy: append_a_demo_
2026/04/21 14:39:45 INFO dspy.teleprompt.simba_utils: Added 1 demos (one each) across all predictors.
2026/04/21 14:39:45 INFO dspy.teleprompt.simba: 

2026/04/21 14:39:45 INFO dspy.teleprompt.simba: Batch 7: Processing bucket #4, with max score 0.59, max-to-min gap 0.588, and max-to-avg gap 0.395.
2026/04/21 14:39:45 INFO dspy.teleprompt.simba: Batch 7: Invoking strategy: append_a_demo_
2026/04/21 14:39:45 INFO dspy.teleprompt.simba_utils: Added 1 demos (one each) across all predictors.
2026/04/21 14:39:45 INFO dspy.teleprompt.simba: 

2026/04/21 14:39:45 INFO dspy.teleprompt.simba: Batch 7: Processing bucket #5, with max score 0.455, max-to-min gap 0.454, and max-to-avg gap 0.11649999999999999.
2026/04/21 14:39:45 INFO dspy.teleprompt.simba: Batch 7: Invoking strategy: append_a_demo_
2026/04/21 14:39:45 INFO dspy.teleprompt.simba_utils: Added 1 demos (one each) across all predictors.
2026/04/21 14:39:45 INFO dspy.teleprompt.simba: 

2026/04/21 14:39:45 INFO dspy.teleprompt.simba: Batch 7: Processing bucket #6, with max score 0.1, max-to-min gap 0.099, and max-to-avg gap 0.04950000000000001.
2026/04/21 14:39:45 INFO dspy.teleprompt.simba: Batch 7: Invoking strategy: append_a_demo_
2026/04/21 14:39:45 INFO dspy.teleprompt.simba_utils: Added 1 demos (one each) across all predictors.
2026/04/21 14:39:45 INFO dspy.teleprompt.simba: 

2026/04/21 14:39:45 INFO dspy.teleprompt.simba: Batch 7: Processing bucket #7, with max score 0.1, max-to-min gap 0.098, and max-to-avg gap 0.08083333333333334.
2026/04/21 14:39:45 INFO dspy.teleprompt.simba: Batch 7: Invoking strategy: append_a_demo_
2026/04/21 14:39:45 INFO dspy.teleprompt.simba_utils: Added 1 demos (one each) across all predictors.
2026/04/21 14:39:45 INFO dspy.teleprompt.simba: 

2026/04/21 14:39:45 INFO dspy.teleprompt.simba: Batch 7: Evaluating 7 programs on 8 examples.
  0% 0/56 [00:00<?, ?it/s]2026-04-21 14:40:06,138 [INFO] Loading MeTTa library from /content/PeTTaChainer/pettachainer/metta/petta_chainer.metta
Not specialized DistMap2Formula_Spec_[+]/4
Not specialized DistMapFormula_Spec_[partial(lambda_12,[_57688])]/3
2026-04-21 14:40:14,812 [INFO] Loading MeTTa library from /content/PeTTaChainer/pettachainer/metta/petta_chainer.metta
Not specialized DistMap2Formula_Spec_[+]/4
Not specialized DistMapFormula_Spec_[partial(lambda_12,[_57688])]/3
2026-04-21 14:40:23,648 [INFO] Loading MeTTa library from /content/PeTTaChainer/pettachainer/metta/petta_chainer.metta
Not specialized DistMap2Formula_Spec_[+]/4
Not specialized DistMapFormula_Spec_[partial(lambda_12,[_57688])]/3
Processed 1 / 56 examples:   2% 1/56 [00:56<52:11, 56.94s/it]2026-04-21 14:40:44,650 [INFO] Loading MeTTa library from /content/PeTTaChainer/pettachainer/metta/petta_chainer.metta
Not specialized DistMap2Formula_Spec_[+]/4
Not specialized DistMapFormula_Spec_[partial(lambda_12,[_57688])]/3
2026-04-21 14:40:53,093 [INFO] Loading MeTTa library from /content/PeTTaChainer/pettachainer/metta/petta_chainer.metta
Not specialized DistMap2Formula_Spec_[+]/4
Not specialized DistMapFormula_Spec_[partial(lambda_12,[_57688])]/3
2026-04-21 14:41:02,552 [INFO] Loading MeTTa library from /content/PeTTaChainer/pettachainer/metta/petta_chainer.metta
Not specialized DistMap2Formula_Spec_[+]/4
Not specialized DistMapFormula_Spec_[partial(lambda_12,[_57688])]/3
Processed 4 / 56 examples:   7% 4/56 [01:34<15:05, 17.41s/it]2026-04-21 14:41:52,392 [INFO] Loading MeTTa library from /content/PeTTaChainer/pettachainer/metta/petta_chainer.metta
Not specialized DistMap2Formula_Spec_[+]/4
Not specialized DistMapFormula_Spec_[partial(lambda_12,[_57688])]/3
Processed 6 / 56 examples:  11% 6/56 [02:19<15:10, 18.22s/it]2026-04-21 14:42:10,819 [INFO] Loading MeTTa library from /content/PeTTaChainer/pettachainer/metta/petta_chainer.metta
Not specialized DistMap2Formula_Spec_[+]/4
Not specialized DistMapFormula_Spec_[partial(lambda_12,[_57688])]/3
2026-04-21 14:42:22,449 [INFO] Loading MeTTa library from /content/PeTTaChainer/pettachainer/metta/petta_chainer.metta
Not specialized DistMap2Formula_Spec_[+]/4
Not specialized DistMapFormula_Spec_[partial(lambda_12,[_57688])]/3
Processed 7 / 56 examples:  12% 7/56 [02:43<16:27, 20.16s/it]2026-04-21 14:42:32,573 [INFO] Loading MeTTa library from /content/PeTTaChainer/pettachainer/metta/petta_chainer.metta
Not specialized DistMap2Formula_Spec_[+]/4
Not specialized DistMapFormula_Spec_[partial(lambda_12,[_57688])]/3
Processed 9 / 56 examples:  16% 9/56 [02:55<09:50, 12.57s/it]2026-04-21 14:42:46,297 [INFO] Loading MeTTa library from /content/PeTTaChainer/pettachainer/metta/petta_chainer.metta
Not specialized DistMap2Formula_Spec_[+]/4
Not specialized DistMapFormula_Spec_[partial(lambda_12,[_57688])]/3
Processed 10 / 56 examples:  18% 10/56 [03:02<08:22, 10.93s/it]2026-04-21 14:43:00,749 [INFO] Loading MeTTa library from /content/PeTTaChainer/pettachainer/metta/petta_chainer.metta
Not specialized DistMap2Formula_Spec_[+]/4
Not specialized DistMapFormula_Spec_[partial(lambda_12,[_57688])]/3
Processed 11 / 56 examples:  20% 11/56 [03:16<08:55, 11.89s/it]2026-04-21 14:43:06,431 [INFO] Loading MeTTa library from /content/PeTTaChainer/pettachainer/metta/petta_chainer.metta
Not specialized DistMap2Formula_Spec_[+]/4
Not specialized DistMapFormula_Spec_[partial(lambda_12,[_57688])]/3
Processed 12 / 56 examples:  21% 12/56 [03:22<07:14,  9.88s/it]2026-04-21 14:43:26,692 [INFO] Loading MeTTa library from /content/PeTTaChainer/pettachainer/metta/petta_chainer.metta
Not specialized DistMap2Formula_Spec_[+]/4
Not specialized DistMapFormula_Spec_[partial(lambda_12,[_57688])]/3
Processed 14 / 56 examples:  25% 14/56 [03:55<08:32, 12.19s/it]2026-04-21 14:43:51,875 [INFO] Loading MeTTa library from /content/PeTTaChainer/pettachainer/metta/petta_chainer.metta
Processed 15 / 56 examples:  27% 15/56 [04:06<08:05, 11.85s/it]2026-04-21 14:43:55,370 [INFO] Loading MeTTa library from /content/PeTTaChainer/pettachainer/metta/petta_chainer.metta
Processed 20 / 56 examples:  36% 20/56 [04:50<05:08,  8.56s/it]2026-04-21 14:44:59,331 [INFO] Loading MeTTa library from /content/PeTTaChainer/pettachainer/metta/petta_chainer.metta
Not specialized DistMap2Formula_Spec_[+]/4
Not specialized DistMapFormula_Spec_[partial(lambda_12,[_57688])]/3
2026-04-21 14:45:08,349 [INFO] Loading MeTTa library from /content/PeTTaChainer/pettachainer/metta/petta_chainer.metta
Not specialized DistMap2Formula_Spec_[+]/4
Not specialized DistMapFormula_Spec_[partial(lambda_12,[_57688])]/3
2026-04-21 14:45:18,836 [INFO] Loading MeTTa library from /content/PeTTaChainer/pettachainer/metta/petta_chainer.metta
Not specialized DistMap2Formula_Spec_[+]/4
Not specialized DistMapFormula_Spec_[partial(lambda_12,[_57688])]/3
Processed 24 / 56 examples:  43% 24/56 [05:58<06:08, 11.52s/it]2026-04-21 14:45:48,938 [INFO] Loading MeTTa library from /content/PeTTaChainer/pettachainer/metta/petta_chainer.metta
Not specialized DistMap2Formula_Spec_[+]/4
Not specialized DistMapFormula_Spec_[partial(lambda_12,[_57688])]/3
2026-04-21 14:45:59,740 [INFO] Loading MeTTa library from /content/PeTTaChainer/pettachainer/metta/petta_chainer.metta
Not specialized DistMap2Formula_Spec_[+]/4
Not specialized DistMapFormula_Spec_[partial(lambda_12,[_57688])]/3
Processed 25 / 56 examples:  45% 25/56 [06:15<06:55, 13.39s/it]2026-04-21 14:46:04,756 [INFO] Loading MeTTa library from /content/PeTTaChainer/pettachainer/metta/petta_chainer.metta
Not specialized DistMap2Formula_Spec_[+]/4
Not specialized DistMapFormula_Spec_[partial(lambda_12,[_57688])]/3
Processed 26 / 56 examples:  46% 26/56 [06:20<05:20, 10.69s/it]2026-04-21 14:46:12,783 [INFO] Loading MeTTa library from /content/PeTTaChainer/pettachainer/metta/petta_chainer.metta
Not specialized DistMap2Formula_Spec_[+]/4
Not specialized DistMapFormula_Spec_[partial(lambda_12,[_57688])]/3
Processed 32 / 56 examples:  57% 32/56 [07:23<03:28,  8.70s/it]2026-04-21 14:47:26,598 [INFO] Loading MeTTa library from /content/PeTTaChainer/pettachainer/metta/petta_chainer.metta
Not specialized DistMap2Formula_Spec_[+]/4
Not specialized DistMapFormula_Spec_[partial(lambda_12,[_57688])]/3
Processed 33 / 56 examples:  59% 33/56 [07:43<04:41, 12.24s/it]2026-04-21 14:47:34,475 [INFO] Loading MeTTa library from /content/PeTTaChainer/pettachainer/metta/petta_chainer.metta
Not specialized DistMap2Formula_Spec_[+]/4
Not specialized DistMapFormula_Spec_[partial(lambda_12,[_57688])]/3
Processed 34 / 56 examples:  61% 34/56 [07:50<03:52, 10.59s/it]2026-04-21 14:47:45,593 [INFO] Loading MeTTa library from /content/PeTTaChainer/pettachainer/metta/petta_chainer.metta
Not specialized DistMap2Formula_Spec_[+]/4
Not specialized DistMapFormula_Spec_[partial(lambda_12,[_57688])]/3
2026-04-21 14:47:54,368 [INFO] Loading MeTTa library from /content/PeTTaChainer/pettachainer/metta/petta_chainer.metta
Not specialized DistMap2Formula_Spec_[+]/4
Not specialized DistMapFormula_Spec_[partial(lambda_12,[_57688])]/3
2026-04-21 14:48:17,038 [INFO] Loading MeTTa library from /content/PeTTaChainer/pettachainer/metta/petta_chainer.metta
Not specialized DistMap2Formula_Spec_[+]/4
Not specialized DistMapFormula_Spec_[partial(lambda_12,[_57688])]/3
Processed 35 / 56 examples:  62% 35/56 [08:35<07:19, 20.91s/it]2026-04-21 14:48:26,466 [INFO] Loading MeTTa library from /content/PeTTaChainer/pettachainer/metta/petta_chainer.metta
Not specialized DistMap2Formula_Spec_[+]/4
Not specialized DistMapFormula_Spec_[partial(lambda_12,[_57688])]/3
2026-04-21 14:48:38,976 [INFO] Loading MeTTa library from /content/PeTTaChainer/pettachainer/metta/petta_chainer.metta
Not specialized DistMap2Formula_Spec_[+]/4
Not specialized DistMapFormula_Spec_[partial(lambda_12,[_57688])]/3
2026-04-21 14:48:47,973 [INFO] Loading MeTTa library from /content/PeTTaChainer/pettachainer/metta/petta_chainer.metta
Not specialized DistMap2Formula_Spec_[+]/4
Not specialized DistMapFormula_Spec_[partial(lambda_12,[_57688])]/3
2026-04-21 14:48:58,597 [INFO] Loading MeTTa library from /content/PeTTaChainer/pettachainer/metta/petta_chainer.metta
Not specialized DistMap2Formula_Spec_[+]/4
Not specialized DistMapFormula_Spec_[partial(lambda_12,[_57688])]/3
Processed 37 / 56 examples:  66% 37/56 [09:17<06:06, 19.31s/it]2026-04-21 14:49:24,893 [INFO] Loading MeTTa library from /content/PeTTaChainer/pettachainer/metta/petta_chainer.metta
Not specialized DistMap2Formula_Spec_[+]/4
Not specialized DistMapFormula_Spec_[partial(lambda_12,[_57688])]/3
Processed 38 / 56 examples:  68% 38/56 [10:00<07:55, 26.44s/it]2026-04-21 14:49:57,185 [INFO] Loading MeTTa library from /content/PeTTaChainer/pettachainer/metta/petta_chainer.metta
Not specialized DistMap2Formula_Spec_[+]/4
Not specialized DistMapFormula_Spec_[partial(lambda_12,[_57688])]/3
Processed 40 / 56 examples:  71% 40/56 [10:46<06:20, 23.80s/it]2026-04-21 14:50:46,626 [INFO] Loading MeTTa library from /content/PeTTaChainer/pettachainer/metta/petta_chainer.metta
Not specialized DistMap2Formula_Spec_[+]/4
Not specialized DistMapFormula_Spec_[partial(lambda_12,[_57688])]/3
2026-04-21 14:50:54,813 [INFO] Loading MeTTa library from /content/PeTTaChainer/pettachainer/metta/petta_chainer.metta
Not specialized DistMap2Formula_Spec_[+]/4
Not specialized DistMapFormula_Spec_[partial(lambda_12,[_57688])]/3
2026-04-21 14:51:05,106 [INFO] Loading MeTTa library from /content/PeTTaChainer/pettachainer/metta/petta_chainer.metta
Not specialized DistMap2Formula_Spec_[+]/4
Not specialized DistMapFormula_Spec_[partial(lambda_12,[_57688])]/3
2026-04-21 14:51:16,146 [INFO] Loading MeTTa library from /content/PeTTaChainer/pettachainer/metta/petta_chainer.metta
Processed 41 / 56 examples:  73% 41/56 [11:31<07:32, 30.15s/it]2026-04-21 14:51:19,636 [INFO] Loading MeTTa library from /content/PeTTaChainer/pettachainer/metta/petta_chainer.metta
Not specialized DistMap2Formula_Spec_[+]/4
Not specialized DistMapFormula_Spec_[partial(lambda_12,[_57688])]/3
Processed 42 / 56 examples:  75% 42/56 [11:35<05:13, 22.42s/it]2026-04-21 14:51:35,776 [INFO] Loading MeTTa library from /content/PeTTaChainer/pettachainer/metta/petta_chainer.metta
Not specialized DistMap2Formula_Spec_[+]/4
Not specialized DistMapFormula_Spec_[partial(lambda_12,[_57688])]/3
Processed 43 / 56 examples:  77% 43/56 [11:51<04:26, 20.48s/it]2026-04-21 14:51:43,805 [INFO] Loading MeTTa library from /content/PeTTaChainer/pettachainer/metta/petta_chainer.metta
Not specialized DistMap2Formula_Spec_[+]/4
Not specialized DistMapFormula_Spec_[partial(lambda_12,[_57688])]/3
2026-04-21 14:51:56,993 [INFO] Loading MeTTa library from /content/PeTTaChainer/pettachainer/metta/petta_chainer.metta
Not specialized DistMap2Formula_Spec_[+]/4
Not specialized DistMapFormula_Spec_[partial(lambda_12,[_57688])]/3
Processed 45 / 56 examples:  80% 45/56 [12:16<02:51, 15.61s/it]2026-04-21 14:52:20,307 [INFO] Loading MeTTa library from /content/PeTTaChainer/pettachainer/metta/petta_chainer.metta
Processed 50 / 56 examples:  89% 50/56 [13:02<00:54,  9.05s/it]2026-04-21 14:53:01,257 [INFO] Loading MeTTa library from /content/PeTTaChainer/pettachainer/metta/petta_chainer.metta
Not specialized DistMap2Formula_Spec_[+]/4
Not specialized DistMapFormula_Spec_[partial(lambda_12,[_57688])]/3
2026-04-21 14:53:12,355 [INFO] Loading MeTTa library from /content/PeTTaChainer/pettachainer/metta/petta_chainer.metta
Processed 52 / 56 examples:  93% 52/56 [13:31<00:43, 10.93s/it]2026-04-21 14:53:20,754 [INFO] Loading MeTTa library from /content/PeTTaChainer/pettachainer/metta/petta_chainer.metta
Not specialized DistMap2Formula_Spec_[+]/4
Not specialized DistMapFormula_Spec_[partial(lambda_12,[_57688])]/3
Processed 53 / 56 examples:  95% 53/56 [13:36<00:27,  9.13s/it]2026-04-21 14:53:40,433 [INFO] Loading MeTTa library from /content/PeTTaChainer/pettachainer/metta/petta_chainer.metta
Processed 54 / 56 examples:  96% 54/56 [13:55<00:24, 12.05s/it]2026-04-21 14:53:44,136 [INFO] Loading MeTTa library from /content/PeTTaChainer/pettachainer/metta/petta_chainer.metta
Not specialized DistMap2Formula_Spec_[+]/4
Not specialized DistMapFormula_Spec_[partial(lambda_12,[_57688])]/3
Processed 55 / 56 examples:  98% 55/56 [14:00<00:09,  9.71s/it]2026-04-21 14:53:57,887 [INFO] Loading MeTTa library from /content/PeTTaChainer/pettachainer/metta/petta_chainer.metta
Not specialized DistMap2Formula_Spec_[+]/4
Not specialized DistMapFormula_Spec_[partial(lambda_12,[_57688])]/3
Processed 56 / 56 examples: 100% 56/56 [14:44<00:00, 15.79s/it]
2026/04/21 14:54:29 INFO dspy.teleprompt.simba: Scores after 7 batches: [0.335, 0.10525, 0.0025, 0.00275, 0.172375, 0.080375, 0.014375], Best: 0.335

2026/04/21 14:54:29 INFO dspy.teleprompt.simba: Starting batch 8 of 8.
2026/04/21 14:54:32 INFO dspy.teleprompt.simba: Sampling program trajectories on 8 examples x 6 samples.
  0% 0/48 [00:00<?, ?it/s]2026-04-21 14:54:40,402 [INFO] Loading MeTTa library from /content/PeTTaChainer/pettachainer/metta/petta_chainer.metta
Not specialized DistMap2Formula_Spec_[+]/4
Not specialized DistMapFormula_Spec_[partial(lambda_12,[_57688])]/3
2026-04-21 14:54:48,385 [INFO] Loading MeTTa library from /content/PeTTaChainer/pettachainer/metta/petta_chainer.metta
Not specialized DistMap2Formula_Spec_[+]/4
Not specialized DistMapFormula_Spec_[partial(lambda_12,[_57688])]/3
Processed 1 / 48 examples:   2% 1/48 [00:48<38:21, 48.98s/it]2026-04-21 14:55:24,883 [INFO] Loading MeTTa library from /content/PeTTaChainer/pettachainer/metta/petta_chainer.metta
Not specialized DistMap2Formula_Spec_[+]/4
Not specialized DistMapFormula_Spec_[partial(lambda_12,[_57688])]/3
2026-04-21 14:55:44,078 [INFO] Loading MeTTa library from /content/PeTTaChainer/pettachainer/metta/petta_chainer.metta
Not specialized DistMap2Formula_Spec_[+]/4
Not specialized DistMapFormula_Spec_[partial(lambda_12,[_57688])]/3
Processed 4 / 48 examples:   8% 4/48 [01:25<10:29, 14.31s/it]2026-04-21 14:56:04,817 [INFO] Loading MeTTa library from /content/PeTTaChainer/pettachainer/metta/petta_chainer.metta
Not specialized DistMap2Formula_Spec_[+]/4
Not specialized DistMapFormula_Spec_[partial(lambda_12,[_57688])]/3
Processed 5 / 48 examples:  10% 5/48 [01:33<08:40, 12.11s/it]2026-04-21 14:56:27,482 [INFO] Loading MeTTa library from /content/PeTTaChainer/pettachainer/metta/petta_chainer.metta
Not specialized DistMap2Formula_Spec_[+]/4
Not specialized DistMapFormula_Spec_[partial(lambda_12,[_57688])]/3
Processed 6 / 48 examples:  12% 6/48 [01:56<11:03, 15.79s/it]2026-04-21 14:56:33,968 [INFO] Loading MeTTa library from /content/PeTTaChainer/pettachainer/metta/petta_chainer.metta
Not specialized DistMap2Formula_Spec_[+]/4
Not specialized DistMapFormula_Spec_[partial(lambda_12,[_57688])]/3
Processed 11 / 48 examples:  21% 10/48 [02:58<12:19, 19.47s/it]2026-04-21 14:57:36,449 [INFO] Loading MeTTa library from /content/PeTTaChainer/pettachainer/metta/petta_chainer.metta
Not specialized DistMap2Formula_Spec_[+]/4
Not specialized DistMapFormula_Spec_[partial(lambda_12,[_57688])]/3
Processed 12 / 48 examples:  25% 12/48 [03:05<07:05, 11.83s/it]2026-04-21 14:58:23,565 [INFO] Loading MeTTa library from /content/PeTTaChainer/pettachainer/metta/petta_chainer.metta
Not specialized DistMap2Formula_Spec_[+]/4
Not specialized DistMapFormula_Spec_[partial(lambda_12,[_57688])]/3
Processed 13 / 48 examples:  27% 13/48 [04:03<13:41, 23.47s/it]2026-04-21 14:58:48,139 [INFO] Loading MeTTa library from /content/PeTTaChainer/pettachainer/metta/petta_chainer.metta
Not specialized DistMap2Formula_Spec_[+]/4
Not specialized DistMapFormula_Spec_[partial(lambda_12,[_57688])]/3
2026-04-21 14:59:16,556 [INFO] Loading MeTTa library from /content/PeTTaChainer/pettachainer/metta/petta_chainer.metta
Not specialized DistMap2Formula_Spec_[+]/4
Not specialized DistMapFormula_Spec_[partial(lambda_12,[_57688])]/3
Processed 15 / 48 examples:  31% 15/48 [04:46<11:35, 21.06s/it]2026-04-21 14:59:25,158 [INFO] Loading MeTTa library from /content/PeTTaChainer/pettachainer/metta/petta_chainer.metta
Not specialized DistMap2Formula_Spec_[+]/4
Not specialized DistMapFormula_Spec_[partial(lambda_12,[_57688])]/3
Processed 16 / 48 examples:  33% 16/48 [05:04<10:45, 20.17s/it]2026-04-21 15:00:15,901 [INFO] Loading MeTTa library from /content/PeTTaChainer/pettachainer/metta/petta_chainer.metta
Not specialized DistMap2Formula_Spec_[+]/4
Not specialized DistMapFormula_Spec_[partial(lambda_12,[_57688])]/3
Processed 17 / 48 examples:  35% 17/48 [05:52<14:28, 28.03s/it]2026-04-21 15:00:35,855 [INFO] Loading MeTTa library from /content/PeTTaChainer/pettachainer/metta/petta_chainer.metta
Not specialized DistMap2Formula_Spec_[+]/4
Not specialized DistMapFormula_Spec_[partial(lambda_12,[_57688])]/3
Processed 20 / 48 examples:  42% 20/48 [07:05<13:00, 27.87s/it]2026-04-21 15:01:42,425 [INFO] Loading MeTTa library from /content/PeTTaChainer/pettachainer/metta/petta_chainer.metta
Not specialized DistMap2Formula_Spec_[+]/4
Not specialized DistMapFormula_Spec_[partial(lambda_12,[_57688])]/3
Processed 21 / 48 examples:  44% 21/48 [07:10<09:31, 21.18s/it]2026-04-21 15:01:46,625 [INFO] Loading MeTTa library from /content/PeTTaChainer/pettachainer/metta/petta_chainer.metta
Not specialized DistMap2Formula_Spec_[+]/4
Not specialized DistMapFormula_Spec_[partial(lambda_12,[_57688])]/3
Processed 22 / 48 examples:  46% 22/48 [07:15<07:03, 16.31s/it]2026-04-21 15:01:59,158 [INFO] Loading MeTTa library from /content/PeTTaChainer/pettachainer/metta/petta_chainer.metta
Not specialized DistMap2Formula_Spec_[+]/4
Not specialized DistMapFormula_Spec_[partial(lambda_12,[_57688])]/3
Processed 23 / 48 examples:  48% 23/48 [07:28<06:21, 15.27s/it]2026-04-21 15:02:16,904 [INFO] Loading MeTTa library from /content/PeTTaChainer/pettachainer/metta/petta_chainer.metta
Not specialized DistMap2Formula_Spec_[+]/4
Not specialized DistMapFormula_Spec_[partial(lambda_12,[_57688])]/3
Processed 24 / 48 examples:  50% 24/48 [07:46<06:25, 16.05s/it]2026-04-21 15:02:23,496 [INFO] Loading MeTTa library from /content/PeTTaChainer/pettachainer/metta/petta_chainer.metta
Not specialized DistMap2Formula_Spec_[+]/4
Not specialized DistMapFormula_Spec_[partial(lambda_12,[_57688])]/3
Processed 25 / 48 examples:  52% 25/48 [07:52<04:59, 13.04s/it]2026-04-21 15:02:36,452 [INFO] Loading MeTTa library from /content/PeTTaChainer/pettachainer/metta/petta_chainer.metta
Not specialized DistMap2Formula_Spec_[+]/4
Not specialized DistMapFormula_Spec_[partial(lambda_12,[_57688])]/3
Processed 29 / 48 examples:  60% 29/48 [09:25<04:59, 15.78s/it]2026-04-21 15:04:17,089 [INFO] Loading MeTTa library from /content/PeTTaChainer/pettachainer/metta/petta_chainer.metta
Not specialized DistMap2Formula_Spec_[+]/4
Not specialized DistMapFormula_Spec_[partial(lambda_12,[_57688])]/3
Processed 30 / 48 examples:  62% 30/48 [09:55<06:02, 20.12s/it]2026-04-21 15:04:31,609 [INFO] Loading MeTTa library from /content/PeTTaChainer/pettachainer/metta/petta_chainer.metta
Not specialized DistMap2Formula_Spec_[+]/4
Not specialized DistMapFormula_Spec_[partial(lambda_12,[_57688])]/3
Processed 33 / 48 examples:  69% 33/48 [10:49<05:17, 21.17s/it]2026-04-21 15:05:24,908 [INFO] Loading MeTTa library from /content/PeTTaChainer/pettachainer/metta/petta_chainer.metta
Not specialized DistMap2Formula_Spec_[+]/4
Not specialized DistMapFormula_Spec_[partial(lambda_12,[_57688])]/3
Processed 34 / 48 examples:  71% 34/48 [10:52<03:40, 15.76s/it]2026-04-21 15:05:44,872 [INFO] Loading MeTTa library from /content/PeTTaChainer/pettachainer/metta/petta_chainer.metta
Not specialized DistMap2Formula_Spec_[+]/4
Not specialized DistMapFormula_Spec_[partial(lambda_12,[_57688])]/3
Processed 36 / 48 examples:  75% 36/48 [11:24<02:54, 14.52s/it]2026-04-21 15:06:03,265 [INFO] Loading MeTTa library from /content/PeTTaChainer/pettachainer/metta/petta_chainer.metta
Not specialized DistMap2Formula_Spec_[+]/4
Not specialized DistMapFormula_Spec_[partial(lambda_12,[_57688])]/3
2026-04-21 15:06:25,808 [INFO] Loading MeTTa library from /content/PeTTaChainer/pettachainer/metta/petta_chainer.metta
Not specialized DistMap2Formula_Spec_[+]/4
Not specialized DistMapFormula_Spec_[partial(lambda_12,[_57688])]/3
Processed 37 / 48 examples:  77% 37/48 [12:14<04:37, 25.23s/it]2026-04-21 15:07:03,418 [INFO] Loading MeTTa library from /content/PeTTaChainer/pettachainer/metta/petta_chainer.metta
Not specialized DistMap2Formula_Spec_[+]/4
Not specialized DistMapFormula_Spec_[partial(lambda_12,[_57688])]/3
Processed 38 / 48 examples:  79% 38/48 [12:31<03:47, 22.80s/it]2026-04-21 15:07:07,820 [INFO] Loading MeTTa library from /content/PeTTaChainer/pettachainer/metta/petta_chainer.metta
Not specialized DistMap2Formula_Spec_[+]/4
Not specialized DistMapFormula_Spec_[partial(lambda_12,[_57688])]/3
2026-04-21 15:07:19,503 [INFO] Loading MeTTa library from /content/PeTTaChainer/pettachainer/metta/petta_chainer.metta
Not specialized DistMap2Formula_Spec_[+]/4
Not specialized DistMapFormula_Spec_[partial(lambda_12,[_57688])]/3
Processed 39 / 48 examples:  81% 39/48 [12:48<03:08, 20.95s/it]2026-04-21 15:07:28,626 [INFO] Loading MeTTa library from /content/PeTTaChainer/pettachainer/metta/petta_chainer.metta
Not specialized DistMap2Formula_Spec_[+]/4
Not specialized DistMapFormula_Spec_[partial(lambda_12,[_57688])]/3
Processed 40 / 48 examples:  83% 40/48 [12:57<02:18, 17.34s/it]2026-04-21 15:07:36,909 [INFO] Loading MeTTa library from /content/PeTTaChainer/pettachainer/metta/petta_chainer.metta
Not specialized DistMap2Formula_Spec_[+]/4
Not specialized DistMapFormula_Spec_[partial(lambda_12,[_57688])]/3
Processed 42 / 48 examples:  88% 42/48 [13:14<01:17, 12.96s/it]2026-04-21 15:08:02,697 [INFO] Loading MeTTa library from /content/PeTTaChainer/pettachainer/metta/petta_chainer.metta
Not specialized DistMap2Formula_Spec_[+]/4
Not specialized DistMapFormula_Spec_[partial(lambda_12,[_57688])]/3
Processed 43 / 48 examples:  90% 43/48 [13:32<01:11, 14.23s/it]2026-04-21 15:08:14,923 [INFO] Loading MeTTa library from /content/PeTTaChainer/pettachainer/metta/petta_chainer.metta
Not specialized DistMap2Formula_Spec_[+]/4
Not specialized DistMapFormula_Spec_[partial(lambda_12,[_57688])]/3
2026-04-21 15:08:33,683 [INFO] Loading MeTTa library from /content/PeTTaChainer/pettachainer/metta/petta_chainer.metta
Not specialized DistMap2Formula_Spec_[+]/4
Not specialized DistMapFormula_Spec_[partial(lambda_12,[_57688])]/3
Processed 44 / 48 examples:  92% 44/48 [14:10<01:25, 21.49s/it]2026-04-21 15:08:50,085 [INFO] Loading MeTTa library from /content/PeTTaChainer/pettachainer/metta/petta_chainer.metta
Not specialized DistMap2Formula_Spec_[+]/4
Not specialized DistMapFormula_Spec_[partial(lambda_12,[_57688])]/3
Processed 45 / 48 examples:  94% 45/48 [14:19<00:52, 17.59s/it]2026-04-21 15:09:02,211 [INFO] Loading MeTTa library from /content/PeTTaChainer/pettachainer/metta/petta_chainer.metta
Not specialized DistMap2Formula_Spec_[+]/4
Not specialized DistMapFormula_Spec_[partial(lambda_12,[_57688])]/3
2026-04-21 15:09:10,587 [INFO] Loading MeTTa library from /content/PeTTaChainer/pettachainer/metta/petta_chainer.metta
Not specialized DistMap2Formula_Spec_[+]/4
Not specialized DistMapFormula_Spec_[partial(lambda_12,[_57688])]/3
Processed 48 / 48 examples: 100% 48/48 [15:15<00:00, 19.07s/it]
2026/04/21 15:09:47 INFO dspy.teleprompt.simba: Batch 8: Baseline mini-batch score: 0.1355

2026/04/21 15:09:47 INFO dspy.teleprompt.simba: Batch 8: Processing bucket #1, with max score 1.0, max-to-min gap 0.999, and max-to-avg gap 0.766.
2026/04/21 15:09:47 INFO dspy.teleprompt.simba: Batch 8: Invoking strategy: append_a_rule
2026/04/21 15:10:00 INFO dspy.teleprompt.simba_utils: Advice for nl2pln.predict: If the input is a declarative sentence like `Bob likes hot food`, then do not collapse the adjective+noun into an opaque camelCase entity like `hotFood`; instead normalize it consistently (e.g. `hot_food`) and, when the wording implies an attribute, emit an explicit attribute fact such as `HasAttribute hot_food hot` in addition to the relation fact `Likes bob hot_food`. If the input is a question asking for an attribute of something Bob likes, then do not query `Likes bob $food` alone; instead query the attribute predicate directly with an answer slot, e.g. `(: $q (HasAttribute hot_food $attr) $tv)`, using the same normalized constant that appears in context. In general, prefer a compact helper predicate that matches the question shape over a broad raw relation query, and keep constants identical to the ones used in your statements so the proof can unify cleanly.
2026/04/21 15:10:00 INFO dspy.teleprompt.simba: 

2026/04/21 15:10:00 INFO dspy.teleprompt.simba: Batch 8: Processing bucket #2, with max score 1.0, max-to-min gap 0.997, and max-to-avg gap 0.6465000000000001.
2026/04/21 15:10:00 INFO dspy.teleprompt.simba: Batch 8: Invoking strategy: append_a_demo_
2026/04/21 15:10:00 INFO dspy.teleprompt.simba_utils: Added 1 demos (one each) across all predictors.
2026/04/21 15:10:00 INFO dspy.teleprompt.simba: 

2026/04/21 15:10:00 INFO dspy.teleprompt.simba: Batch 8: Processing bucket #3, with max score 0.92, max-to-min gap 0.914, and max-to-avg gap 0.7455.
2026/04/21 15:10:00 INFO dspy.teleprompt.simba: Batch 8: Invoking strategy: append_a_demo_
2026/04/21 15:10:00 INFO dspy.teleprompt.simba_utils: Added 1 demos (one each) across all predictors.
2026/04/21 15:10:00 INFO dspy.teleprompt.simba: 

2026/04/21 15:10:00 INFO dspy.teleprompt.simba: Batch 8: Processing bucket #4, with max score 0.44, max-to-min gap 0.436, and max-to-avg gap 0.3373333333333333.
2026/04/21 15:10:00 INFO dspy.teleprompt.simba: Batch 8: Invoking strategy: append_a_rule
2026/04/21 15:10:27 INFO dspy.teleprompt.simba_utils: Advice for nl2pln.predict: If the input sentence contains a comparison such as "long as compared to Y", "shorter than Y", or "as compared to a different knife", then preserve that comparison explicitly instead of collapsing it into a unary property. Use the exact KB tokenization already present in context (for example, `knife`, `kitchen_knife`, `sashimi_knife`), and make the query/statement mirror the relation the question asks for: e.g. `LongComparedTo knife kitchen_knife` or `ShorterThan kitchen_knife sashimi_knife`. Do not query `Short ...` when the question is comparative, and do not invent a vague helper like `LongComparedToDifferentKnife` unless its conclusion is the exact predicate you will query. If you add a helper rule, its premises should mention the specific compared-to entity from context, not just any entity with an opposite property; otherwise the rule will be too broad and unsound. For direct fact questions, emit one atomic query that matches the fact exactly, with the same constant normalization as the context.
2026/04/21 15:10:27 INFO dspy.teleprompt.simba: 

2026/04/21 15:10:27 INFO dspy.teleprompt.simba: Batch 8: Processing bucket #5, with max score 0.18, max-to-min gap 0.179, and max-to-avg gap 0.0795.
2026/04/21 15:10:27 INFO dspy.teleprompt.simba: Batch 8: Invoking strategy: append_a_rule
2026/04/21 15:10:43 INFO dspy.teleprompt.simba_utils: Advice for nl2pln.predict: If you see a past-tense event fact like 'X went swimming' and a follow-up question about the present state like 'is X swimming now', then keep the event fact separate from the current-state query: emit the event using the KB’s canonical entity token exactly as it appears in context (for this task, use `bob`, not `Bob`), query a present-state predicate that mirrors the question (e.g. `SwimmingNow bob`), and do not create a strong rule that directly turns the past event into the present state. If you must bridge past-to-present, make it explicitly weak/default/uncertain rather than certain; otherwise the answer becomes too confident and scores poorly.
2026/04/21 15:10:43 INFO dspy.teleprompt.simba: 

2026/04/21 15:10:43 INFO dspy.teleprompt.simba: Batch 8: Processing bucket #6, with max score 0.1, max-to-min gap 0.099, and max-to-avg gap 0.04950000000000001.
2026/04/21 15:10:43 INFO dspy.teleprompt.simba: Batch 8: Invoking strategy: append_a_rule
2026/04/21 15:11:09 INFO dspy.teleprompt.simba_utils: Advice for nl2pln.predict: If the input sentence has the pattern 'I only eat vegetables on days when I exercise' or a similar 'only ... on days when ...' construction, then encode it with one rule that preserves the natural dependency direction: the 'when I exercise' clause should be the premise, and the eating-vegetables clause should be the conclusion, using the exact normalized constant form already used by the KB (`I`, not `me`). If the follow-up question asks 'On which days do you only eat vegetables?', then query the day variable on the condition side that answers that question, using the same predicate vocabulary as the rule/context; do not invent a new helper predicate like `OnlyEatVegetablesOnDay`, and do not swap the premise and conclusion. Reuse the simplest existing predicate names from context so the question and the sentence can unify cleanly.
2026/04/21 15:11:09 INFO dspy.teleprompt.simba: 

2026/04/21 15:11:09 INFO dspy.teleprompt.simba: Batch 8: Processing bucket #7, with max score 0.1, max-to-min gap 0.099, and max-to-avg gap 0.033.
2026/04/21 15:11:09 INFO dspy.teleprompt.simba: Batch 8: Invoking strategy: append_a_demo_
2026/04/21 15:11:09 INFO dspy.teleprompt.simba_utils: Added 1 demos (one each) across all predictors.
2026/04/21 15:11:09 INFO dspy.teleprompt.simba: 

2026/04/21 15:11:09 INFO dspy.teleprompt.simba: Batch 8: Evaluating 7 programs on 8 examples.
  0% 0/56 [00:00<?, ?it/s]2026-04-21 15:11:30,709 [INFO] Loading MeTTa library from /content/PeTTaChainer/pettachainer/metta/petta_chainer.metta
Not specialized DistMap2Formula_Spec_[+]/4
Not specialized DistMapFormula_Spec_[partial(lambda_12,[_57688])]/3
Processed 1 / 56 examples:   2% 1/56 [01:13<1:07:17, 73.41s/it]2026-04-21 15:12:57,721 [INFO] Loading MeTTa library from /content/PeTTaChainer/pettachainer/metta/petta_chainer.metta
Not specialized DistMap2Formula_Spec_[+]/4
Not specialized DistMapFormula_Spec_[partial(lambda_12,[_57688])]/3
2026-04-21 15:13:06,632 [INFO] Loading MeTTa library from /content/PeTTaChainer/pettachainer/metta/petta_chainer.metta
Not specialized DistMap2Formula_Spec_[+]/4
Not specialized DistMapFormula_Spec_[partial(lambda_12,[_57688])]/3
Processed 3 / 56 examples:   5% 3/56 [02:10<30:40, 34.73s/it]2026-04-21 15:14:11,843 [INFO] Loading MeTTa library from /content/PeTTaChainer/pettachainer/metta/petta_chainer.metta
Not specialized DistMap2Formula_Spec_[+]/4
Not specialized DistMapFormula_Spec_[partial(lambda_12,[_57688])]/3
Processed 5 / 56 examples:   9% 5/56 [03:43<33:59, 40.00s/it]2026-04-21 15:15:11,596 [INFO] Loading MeTTa library from /content/PeTTaChainer/pettachainer/metta/petta_chainer.metta
Not specialized DistMap2Formula_Spec_[+]/4
Not specialized DistMapFormula_Spec_[partial(lambda_12,[_57688])]/3
2026-04-21 15:15:19,759 [INFO] Loading MeTTa library from /content/PeTTaChainer/pettachainer/metta/petta_chainer.metta
Not specialized DistMap2Formula_Spec_[+]/4
Not specialized DistMapFormula_Spec_[partial(lambda_12,[_57688])]/3
Processed 6 / 56 examples:  11% 6/56 [04:19<32:06, 38.53s/it]2026-04-21 15:15:55,702 [INFO] Loading MeTTa library from /content/PeTTaChainer/pettachainer/metta/petta_chainer.metta
Not specialized DistMap2Formula_Spec_[+]/4
Not specialized DistMapFormula_Spec_[partial(lambda_12,[_57688])]/3
Processed 8 / 56 examples:  14% 8/56 [05:01<21:58, 27.46s/it]2026-04-21 15:16:42,791 [INFO] Loading MeTTa library from /content/PeTTaChainer/pettachainer/metta/petta_chainer.metta
Not specialized DistMap2Formula_Spec_[+]/4
Not specialized DistMapFormula_Spec_[partial(lambda_12,[_57688])]/3
2026-04-21 15:17:19,968 [INFO] Loading MeTTa library from /content/PeTTaChainer/pettachainer/metta/petta_chainer.metta
Not specialized DistMap2Formula_Spec_[+]/4
Not specialized DistMapFormula_Spec_[partial(lambda_12,[_57688])]/3
Processed 14 / 56 examples:  25% 14/56 [07:35<13:07, 18.75s/it]2026-04-21 15:18:55,815 [INFO] Loading MeTTa library from /content/PeTTaChainer/pettachainer/metta/petta_chainer.metta
Not specialized DistMap2Formula_Spec_[+]/4
Not specialized DistMapFormula_Spec_[partial(lambda_12,[_57688])]/3
Processed 17 / 56 examples:  30% 17/56 [07:53<06:16,  9.65s/it]2026-04-21 15:19:19,255 [INFO] Loading MeTTa library from /content/PeTTaChainer/pettachainer/metta/petta_chainer.metta
Not specialized DistMap2Formula_Spec_[+]/4
Not specialized DistMapFormula_Spec_[partial(lambda_12,[_57688])]/3
2026-04-21 15:19:27,550 [INFO] Loading MeTTa library from /content/PeTTaChainer/pettachainer/metta/petta_chainer.metta
Not specialized DistMap2Formula_Spec_[+]/4
Not specialized DistMapFormula_Spec_[partial(lambda_12,[_57688])]/3
2026-04-21 15:19:35,094 [INFO] Loading MeTTa library from /content/PeTTaChainer/pettachainer/metta/petta_chainer.metta
Not specialized DistMap2Formula_Spec_[+]/4
Not specialized DistMapFormula_Spec_[partial(lambda_12,[_57688])]/3
Processed 18 / 56 examples:  32% 18/56 [08:41<13:17, 20.99s/it]2026-04-21 15:19:52,146 [INFO] Loading MeTTa library from /content/PeTTaChainer/pettachainer/metta/petta_chainer.metta
Not specialized DistMap2Formula_Spec_[+]/4
Not specialized DistMapFormula_Spec_[partial(lambda_12,[_57688])]/3
2026-04-21 15:19:59,936 [INFO] Loading MeTTa library from /content/PeTTaChainer/pettachainer/metta/petta_chainer.metta
Not specialized DistMap2Formula_Spec_[+]/4
Not specialized DistMapFormula_Spec_[partial(lambda_12,[_57688])]/3
Processed 19 / 56 examples:  34% 19/56 [10:10<25:32, 41.43s/it]2026-04-21 15:21:23,483 [INFO] Loading MeTTa library from /content/PeTTaChainer/pettachainer/metta/petta_chainer.metta
Not specialized DistMap2Formula_Spec_[+]/4
Not specialized DistMapFormula_Spec_[partial(lambda_12,[_57688])]/3
Processed 21 / 56 examples:  38% 21/56 [10:41<16:24, 28.12s/it]2026-04-21 15:21:52,710 [INFO] Loading MeTTa library from /content/PeTTaChainer/pettachainer/metta/petta_chainer.metta
Not specialized DistMap2Formula_Spec_[+]/4
Not specialized DistMapFormula_Spec_[partial(lambda_12,[_57688])]/3
Processed 24 / 56 examples:  43% 24/56 [11:16<08:46, 16.47s/it]2026-04-21 15:22:50,070 [INFO] Loading MeTTa library from /content/PeTTaChainer/pettachainer/metta/petta_chainer.metta
Not specialized DistMap2Formula_Spec_[+]/4
Not specialized DistMapFormula_Spec_[partial(lambda_12,[_57688])]/3
Processed 27 / 56 examples:  48% 27/56 [12:04<06:41, 13.84s/it]2026-04-21 15:23:22,814 [INFO] Loading MeTTa library from /content/PeTTaChainer/pettachainer/metta/petta_chainer.metta
Not specialized DistMap2Formula_Spec_[+]/4
Not specialized DistMapFormula_Spec_[partial(lambda_12,[_57688])]/3
2026-04-21 15:23:31,207 [INFO] Loading MeTTa library from /content/PeTTaChainer/pettachainer/metta/petta_chainer.metta
Not specialized DistMap2Formula_Spec_[+]/4
Not specialized DistMapFormula_Spec_[partial(lambda_12,[_57688])]/3
Processed 28 / 56 examples:  50% 28/56 [12:28<07:53, 16.91s/it]2026-04-21 15:23:59,377 [INFO] Loading MeTTa library from /content/PeTTaChainer/pettachainer/metta/petta_chainer.metta
Not specialized DistMap2Formula_Spec_[+]/4
Not specialized DistMapFormula_Spec_[partial(lambda_12,[_57688])]/3
Processed 29 / 56 examples:  52% 29/56 [13:22<12:34, 27.96s/it]2026-04-21 15:24:48,138 [INFO] Loading MeTTa library from /content/PeTTaChainer/pettachainer/metta/petta_chainer.metta
Not specialized DistMap2Formula_Spec_[+]/4
Not specialized DistMapFormula_Spec_[partial(lambda_12,[_57688])]/3
2026-04-21 15:24:55,403 [INFO] Loading MeTTa library from /content/PeTTaChainer/pettachainer/metta/petta_chainer.metta
Not specialized DistMap2Formula_Spec_[+]/4
Not specialized DistMapFormula_Spec_[partial(lambda_12,[_57688])]/3
Processed 30 / 56 examples:  54% 30/56 [13:57<12:58, 29.93s/it]2026-04-21 15:25:15,811 [INFO] Loading MeTTa library from /content/PeTTaChainer/pettachainer/metta/petta_chainer.metta
Not specialized DistMap2Formula_Spec_[+]/4
Not specialized DistMapFormula_Spec_[partial(lambda_12,[_57688])]/3
Processed 32 / 56 examples:  57% 32/56 [14:37<09:28, 23.69s/it]2026-04-21 15:26:00,809 [INFO] Loading MeTTa library from /content/PeTTaChainer/pettachainer/metta/petta_chainer.metta
Not specialized DistMap2Formula_Spec_[+]/4
Not specialized DistMapFormula_Spec_[partial(lambda_12,[_57688])]/3
Processed 33 / 56 examples:  59% 33/56 [15:16<10:47, 28.16s/it]2026-04-21 15:26:40,431 [INFO] Loading MeTTa library from /content/PeTTaChainer/pettachainer/metta/petta_chainer.metta
Not specialized DistMap2Formula_Spec_[+]/4
Not specialized DistMapFormula_Spec_[partial(lambda_12,[_57688])]/3
2026-04-21 15:27:12,374 [INFO] Loading MeTTa library from /content/PeTTaChainer/pettachainer/metta/petta_chainer.metta
Not specialized DistMap2Formula_Spec_[+]/4
Not specialized DistMapFormula_Spec_[partial(lambda_12,[_57688])]/3
2026-04-21 15:27:20,991 [INFO] Loading MeTTa library from /content/PeTTaChainer/pettachainer/metta/petta_chainer.metta
Not specialized DistMap2Formula_Spec_[+]/4
Not specialized DistMapFormula_Spec_[partial(lambda_12,[_57688])]/3
2026-04-21 15:27:28,479 [INFO] Loading MeTTa library from /content/PeTTaChainer/pettachainer/metta/petta_chainer.metta
Not specialized DistMap2Formula_Spec_[+]/4
Not specialized DistMapFormula_Spec_[partial(lambda_12,[_57688])]/3
Processed 34 / 56 examples:  61% 34/56 [16:22<14:29, 39.52s/it]2026-04-21 15:27:37,094 [INFO] Loading MeTTa library from /content/PeTTaChainer/pettachainer/metta/petta_chainer.metta
Not specialized DistMap2Formula_Spec_[+]/4
Not specialized DistMapFormula_Spec_[partial(lambda_12,[_57688])]/3
Processed 36 / 56 examples:  64% 36/56 [17:25<11:13, 33.68s/it]2026-04-21 15:28:44,354 [INFO] Loading MeTTa library from /content/PeTTaChainer/pettachainer/metta/petta_chainer.metta
Not specialized DistMap2Formula_Spec_[+]/4
Not specialized DistMapFormula_Spec_[partial(lambda_12,[_57688])]/3
Processed 37 / 56 examples:  66% 37/56 [18:34<14:05, 44.51s/it]2026-04-21 15:29:53,718 [INFO] Loading MeTTa library from /content/PeTTaChainer/pettachainer/metta/petta_chainer.metta
Not specialized DistMap2Formula_Spec_[+]/4
Not specialized DistMapFormula_Spec_[partial(lambda_12,[_57688])]/3
2026-04-21 15:30:00,831 [INFO] Loading MeTTa library from /content/PeTTaChainer/pettachainer/metta/petta_chainer.metta
Not specialized DistMap2Formula_Spec_[+]/4
Not specialized DistMapFormula_Spec_[partial(lambda_12,[_57688])]/3
Processed 39 / 56 examples:  70% 39/56 [19:13<08:33, 30.18s/it]2026-04-21 15:30:30,439 [INFO] Loading MeTTa library from /content/PeTTaChainer/pettachainer/metta/petta_chainer.metta
Not specialized DistMap2Formula_Spec_[+]/4
Not specialized DistMapFormula_Spec_[partial(lambda_12,[_57688])]/3
Processed 40 / 56 examples:  71% 40/56 [19:30<07:00, 26.27s/it]2026-04-21 15:30:53,804 [INFO] Loading MeTTa library from /content/PeTTaChainer/pettachainer/metta/petta_chainer.metta
Not specialized DistMap2Formula_Spec_[+]/4
Not specialized DistMapFormula_Spec_[partial(lambda_12,[_57688])]/3
Processed 41 / 56 examples:  73% 41/56 [19:46<05:45, 23.03s/it]2026-04-21 15:31:00,849 [INFO] Loading MeTTa library from /content/PeTTaChainer/pettachainer/metta/petta_chainer.metta
Not specialized DistMap2Formula_Spec_[+]/4
Not specialized DistMapFormula_Spec_[partial(lambda_12,[_57688])]/3
Processed 42 / 56 examples:  75% 42/56 [19:52<04:11, 17.94s/it]2026-04-21 15:31:36,843 [INFO] Loading MeTTa library from /content/PeTTaChainer/pettachainer/metta/petta_chainer.metta
Not specialized DistMap2Formula_Spec_[+]/4
Not specialized DistMapFormula_Spec_[partial(lambda_12,[_57688])]/3
2026-04-21 15:32:00,913 [INFO] Loading MeTTa library from /content/PeTTaChainer/pettachainer/metta/petta_chainer.metta
Not specialized DistMap2Formula_Spec_[+]/4
Not specialized DistMapFormula_Spec_[partial(lambda_12,[_57688])]/3
2026-04-21 15:32:08,828 [INFO] Loading MeTTa library from /content/PeTTaChainer/pettachainer/metta/petta_chainer.metta
Not specialized DistMap2Formula_Spec_[+]/4
Not specialized DistMapFormula_Spec_[partial(lambda_12,[_57688])]/3
2026-04-21 15:32:21,082 [INFO] Loading MeTTa library from /content/PeTTaChainer/pettachainer/metta/petta_chainer.metta
Not specialized DistMap2Formula_Spec_[+]/4
Not specialized DistMapFormula_Spec_[partial(lambda_12,[_57688])]/3
Processed 43 / 56 examples:  77% 43/56 [21:18<08:20, 38.49s/it]2026-04-21 15:32:30,100 [INFO] Loading MeTTa library from /content/PeTTaChainer/pettachainer/metta/petta_chainer.metta
Not specialized DistMap2Formula_Spec_[+]/4
Not specialized DistMapFormula_Spec_[partial(lambda_12,[_57688])]/3
Processed 44 / 56 examples:  79% 44/56 [21:22<05:37, 28.13s/it]2026-04-21 15:32:57,522 [INFO] Loading MeTTa library from /content/PeTTaChainer/pettachainer/metta/petta_chainer.metta
Not specialized DistMap2Formula_Spec_[+]/4
Not specialized DistMapFormula_Spec_[partial(lambda_12,[_57688])]/3
Processed 45 / 56 examples:  80% 45/56 [22:21<06:52, 37.47s/it]2026-04-21 15:33:44,711 [INFO] Loading MeTTa library from /content/PeTTaChainer/pettachainer/metta/petta_chainer.metta
Not specialized DistMap2Formula_Spec_[+]/4
Not specialized DistMapFormula_Spec_[partial(lambda_12,[_57688])]/3
Processed 46 / 56 examples:  82% 46/56 [22:35<05:03, 30.34s/it]2026-04-21 15:33:48,721 [INFO] Loading MeTTa library from /content/PeTTaChainer/pettachainer/metta/petta_chainer.metta
Not specialized DistMap2Formula_Spec_[+]/4
Not specialized DistMapFormula_Spec_[partial(lambda_12,[_57688])]/3
Processed 48 / 56 examples:  86% 48/56 [23:05<03:06, 23.30s/it]2026-04-21 15:34:43,196 [INFO] Loading MeTTa library from /content/PeTTaChainer/pettachainer/metta/petta_chainer.metta
Not specialized DistMap2Formula_Spec_[+]/4
Not specialized DistMapFormula_Spec_[partial(lambda_12,[_57688])]/3
Processed 50 / 56 examples:  88% 49/56 [23:46<03:19, 28.56s/it]2026-04-21 15:35:40,948 [INFO] Loading MeTTa library from /content/PeTTaChainer/pettachainer/metta/petta_chainer.metta
Not specialized DistMap2Formula_Spec_[+]/4
Not specialized DistMapFormula_Spec_[partial(lambda_12,[_57688])]/3
2026-04-21 15:35:50,757 [INFO] Loading MeTTa library from /content/PeTTaChainer/pettachainer/metta/petta_chainer.metta
Not specialized DistMap2Formula_Spec_[+]/4
Not specialized DistMapFormula_Spec_[partial(lambda_12,[_57688])]/3
Processed 51 / 56 examples:  91% 51/56 [24:42<02:21, 28.26s/it]2026-04-21 15:35:55,814 [INFO] Loading MeTTa library from /content/PeTTaChainer/pettachainer/metta/petta_chainer.metta
Not specialized DistMap2Formula_Spec_[+]/4
Not specialized DistMapFormula_Spec_[partial(lambda_12,[_57688])]/3
Processed 52 / 56 examples:  93% 52/56 [24:54<01:37, 24.36s/it]2026-04-21 15:36:19,804 [INFO] Loading MeTTa library from /content/PeTTaChainer/pettachainer/metta/petta_chainer.metta
Not specialized DistMap2Formula_Spec_[+]/4
Not specialized DistMapFormula_Spec_[partial(lambda_12,[_57688])]/3
Processed 54 / 56 examples:  96% 54/56 [25:49<00:49, 24.51s/it]2026-04-21 15:37:01,603 [INFO] Loading MeTTa library from /content/PeTTaChainer/pettachainer/metta/petta_chainer.metta
Not specialized DistMap2Formula_Spec_[+]/4
Not specialized DistMapFormula_Spec_[partial(lambda_12,[_57688])]/3
Processed 55 / 56 examples:  98% 55/56 [25:53<00:18, 18.83s/it]2026-04-21 15:37:07,568 [INFO] Loading MeTTa library from /content/PeTTaChainer/pettachainer/metta/petta_chainer.metta
Not specialized DistMap2Formula_Spec_[+]/4
Not specialized DistMapFormula_Spec_[partial(lambda_12,[_57688])]/3
Processed 55 / 56 examples: 100% 56/56 [25:58<00:00, 15.01s/it]2026-04-21 15:37:28,933 [INFO] Loading MeTTa library from /content/PeTTaChainer/pettachainer/metta/petta_chainer.metta
Not specialized DistMap2Formula_Spec_[+]/4
Not specialized DistMapFormula_Spec_[partial(lambda_12,[_57688])]/3
2026-04-21 15:37:59,286 [INFO] Loading MeTTa library from /content/PeTTaChainer/pettachainer/metta/petta_chainer.metta
Not specialized DistMap2Formula_Spec_[+]/4
Not specialized DistMapFormula_Spec_[partial(lambda_12,[_57688])]/3
Processed 56 / 56 examples: : 57it [27:16, 28.70s/it]
2026/04/21 15:38:25 INFO dspy.teleprompt.simba: Scores after 8 batches: [0.304, 0.059375, 0.231, 0.30325, 0.299375, 0.06675, 0.163625], Best: 0.304

2026/04/21 15:38:25 INFO dspy.teleprompt.simba: VALIDATION: Evaluating 7 programs on the full trainset.
  0% 0/203 [00:00<?, ?it/s]2026-04-21 15:39:02,787 [INFO] Loading MeTTa library from /content/PeTTaChainer/pettachainer/metta/petta_chainer.metta
Not specialized DistMap2Formula_Spec_[+]/4
Not specialized DistMapFormula_Spec_[partial(lambda_12,[_57688])]/3
Processed 1 / 203 examples:   0% 1/203 [00:51<2:53:28, 51.53s/it]2026-04-21 15:39:55,852 [INFO] Loading MeTTa library from /content/PeTTaChainer/pettachainer/metta/petta_chainer.metta
Not specialized DistMap2Formula_Spec_[+]/4
Not specialized DistMapFormula_Spec_[partial(lambda_12,[_57688])]/3
Processed 2 / 203 examples:   1% 2/203 [01:52<3:11:39, 57.21s/it]2026-04-21 15:41:18,134 [INFO] Loading MeTTa library from /content/PeTTaChainer/pettachainer/metta/petta_chainer.metta
Not specialized DistMap2Formula_Spec_[+]/4
Not specialized DistMapFormula_Spec_[partial(lambda_12,[_57688])]/3
2026-04-21 15:41:29,660 [INFO] Loading MeTTa library from /content/PeTTaChainer/pettachainer/metta/petta_chainer.metta
Processed 4 / 203 examples:   2% 4/203 [03:05<2:09:14, 38.97s/it]2026-04-21 15:41:38,035 [INFO] Loading MeTTa library from /content/PeTTaChainer/pettachainer/metta/petta_chainer.metta
Not specialized DistMap2Formula_Spec_[+]/4
Not specialized DistMapFormula_Spec_[partial(lambda_12,[_57688])]/3
Processed 5 / 203 examples:   2% 5/203 [03:52<2:18:04, 41.84s/it]2026-04-21 15:42:31,499 [INFO] Loading MeTTa library from /content/PeTTaChainer/pettachainer/metta/petta_chainer.metta
Not specialized DistMap2Formula_Spec_[+]/4
Not specialized DistMapFormula_Spec_[partial(lambda_12,[_57688])]/3
2026-04-21 15:42:39,977 [INFO] Loading MeTTa library from /content/PeTTaChainer/pettachainer/metta/petta_chainer.metta
Not specialized DistMap2Formula_Spec_[+]/4
Not specialized DistMapFormula_Spec_[partial(lambda_12,[_57688])]/3
2026-04-21 15:42:48,173 [INFO] Loading MeTTa library from /content/PeTTaChainer/pettachainer/metta/petta_chainer.metta
Not specialized DistMap2Formula_Spec_[+]/4
Not specialized DistMapFormula_Spec_[partial(lambda_12,[_57688])]/3
2026-04-21 15:42:56,307 [INFO] Loading MeTTa library from /content/PeTTaChainer/pettachainer/metta/petta_chainer.metta
Not specialized DistMap2Formula_Spec_[+]/4
Not specialized DistMapFormula_Spec_[partial(lambda_12,[_57688])]/3
Processed 7 / 203 examples:   3% 7/203 [04:46<1:44:45, 32.07s/it]2026-04-21 15:43:21,092 [INFO] Loading MeTTa library from /content/PeTTaChainer/pettachainer/metta/petta_chainer.metta
Not specialized DistMap2Formula_Spec_[+]/4
Not specialized DistMapFormula_Spec_[partial(lambda_12,[_57688])]/3
Processed 8 / 203 examples:   4% 8/203 [05:39<2:06:44, 39.00s/it]2026-04-21 15:44:18,078 [INFO] Loading MeTTa library from /content/PeTTaChainer/pettachainer/metta/petta_chainer.metta
Not specialized DistMap2Formula_Spec_[+]/4
Not specialized DistMapFormula_Spec_[partial(lambda_12,[_57688])]/3
Processed 9 / 203 examples:   4% 9/203 [05:53<1:40:10, 30.98s/it]2026-04-21 15:44:22,844 [INFO] Loading MeTTa library from /content/PeTTaChainer/pettachainer/metta/petta_chainer.metta
Not specialized DistMap2Formula_Spec_[+]/4
Not specialized DistMapFormula_Spec_[partial(lambda_12,[_57688])]/3
Processed 11 / 203 examples:   5% 11/203 [06:02<54:55, 17.17s/it]  2026-04-21 15:44:46,683 [INFO] Loading MeTTa library from /content/PeTTaChainer/pettachainer/metta/petta_chainer.metta
Not specialized DistMap2Formula_Spec_[+]/4
Not specialized DistMapFormula_Spec_[partial(lambda_12,[_57688])]/3
2026-04-21 15:44:59,916 [INFO] Loading MeTTa library from /content/PeTTaChainer/pettachainer/metta/petta_chainer.metta
Not specialized DistMap2Formula_Spec_[+]/4
Not specialized DistMapFormula_Spec_[partial(lambda_12,[_57688])]/3
Processed 12 / 203 examples:   6% 12/203 [06:40<1:15:21, 23.67s/it]2026-04-21 15:45:08,582 [INFO] Loading MeTTa library from /content/PeTTaChainer/pettachainer/metta/petta_chainer.metta
Not specialized DistMap2Formula_Spec_[+]/4
Not specialized DistMapFormula_Spec_[partial(lambda_12,[_57688])]/3
Processed 13 / 203 examples:   6% 13/203 [07:15<1:25:08, 26.89s/it]2026-04-21 15:45:45,047 [INFO] Loading MeTTa library from /content/PeTTaChainer/pettachainer/metta/petta_chainer.metta
Not specialized DistMap2Formula_Spec_[+]/4
Not specialized DistMapFormula_Spec_[partial(lambda_12,[_57688])]/3
2026-04-21 15:45:52,602 [INFO] Loading MeTTa library from /content/PeTTaChainer/pettachainer/metta/petta_chainer.metta
Not specialized DistMap2Formula_Spec_[+]/4
Not specialized DistMapFormula_Spec_[partial(lambda_12,[_57688])]/3
2026-04-21 15:46:05,351 [INFO] Loading MeTTa library from /content/PeTTaChainer/pettachainer/metta/petta_chainer.metta
Not specialized DistMap2Formula_Spec_[+]/4
Not specialized DistMapFormula_Spec_[partial(lambda_12,[_57688])]/3
Processed 15 / 203 examples:   7% 15/203 [07:44<1:01:01, 19.47s/it]2026-04-21 15:46:36,712 [INFO] Loading MeTTa library from /content/PeTTaChainer/pettachainer/metta/petta_chainer.metta
Processed 16 / 203 examples:   8% 16/203 [08:11<1:07:54, 21.79s/it]2026-04-21 15:46:40,466 [INFO] Loading MeTTa library from /content/PeTTaChainer/pettachainer/metta/petta_chainer.metta
Processed 18 / 203 examples:   9% 18/203 [08:15<36:10, 11.73s/it]2026-04-21 15:46:51,659 [INFO] Loading MeTTa library from /content/PeTTaChainer/pettachainer/metta/petta_chainer.metta
Not specialized DistMap2Formula_Spec_[+]/4
Not specialized DistMapFormula_Spec_[partial(lambda_12,[_57688])]/3
2026-04-21 15:47:19,874 [INFO] Loading MeTTa library from /content/PeTTaChainer/pettachainer/metta/petta_chainer.metta
Not specialized DistMap2Formula_Spec_[+]/4
Not specialized DistMapFormula_Spec_[partial(lambda_12,[_57688])]/3
Processed 21 / 203 examples:  10% 21/203 [09:42<1:04:40, 21.32s/it]2026-04-21 15:48:15,222 [INFO] Loading MeTTa library from /content/PeTTaChainer/pettachainer/metta/petta_chainer.metta
Not specialized DistMap2Formula_Spec_[+]/4
Not specialized DistMapFormula_Spec_[partial(lambda_12,[_57688])]/3
2026-04-21 15:48:23,365 [INFO] Loading MeTTa library from /content/PeTTaChainer/pettachainer/metta/petta_chainer.metta
Not specialized DistMap2Formula_Spec_[+]/4
Not specialized DistMapFormula_Spec_[partial(lambda_12,[_57688])]/3
Processed 22 / 203 examples:  11% 22/203 [10:22<1:21:20, 26.96s/it]2026-04-21 15:49:10,523 [INFO] Loading MeTTa library from /content/PeTTaChainer/pettachainer/metta/petta_chainer.metta
Not specialized DistMap2Formula_Spec_[+]/4
Not specialized DistMapFormula_Spec_[partial(lambda_12,[_57688])]/3
Processed 24 / 203 examples:  12% 24/203 [10:56<1:01:21, 20.56s/it]2026-04-21 15:49:38,899 [INFO] Loading MeTTa library from /content/PeTTaChainer/pettachainer/metta/petta_chainer.metta
Not specialized DistMap2Formula_Spec_[+]/4
Not specialized DistMapFormula_Spec_[partial(lambda_12,[_57688])]/3
2026-04-21 15:49:48,691 [INFO] Loading MeTTa library from /content/PeTTaChainer/pettachainer/metta/petta_chainer.metta
Processed 25 / 203 examples:  12% 25/203 [11:23<1:05:59, 22.25s/it]2026-04-21 15:49:52,964 [INFO] Loading MeTTa library from /content/PeTTaChainer/pettachainer/metta/petta_chainer.metta
Not specialized DistMap2Formula_Spec_[+]/4
Not specialized DistMapFormula_Spec_[partial(lambda_12,[_57688])]/3
Processed 26 / 203 examples:  13% 26/203 [11:42<1:03:11, 21.42s/it]2026-04-21 15:50:19,926 [INFO] Loading MeTTa library from /content/PeTTaChainer/pettachainer/metta/petta_chainer.metta
Not specialized DistMap2Formula_Spec_[+]/4
Not specialized DistMapFormula_Spec_[partial(lambda_12,[_57688])]/3
Processed 28 / 203 examples:  14% 28/203 [12:01<43:39, 14.97s/it]2026-04-21 15:50:28,769 [INFO] Loading MeTTa library from /content/PeTTaChainer/pettachainer/metta/petta_chainer.metta
Not specialized DistMap2Formula_Spec_[+]/4
Not specialized DistMapFormula_Spec_[partial(lambda_12,[_57688])]/3
2026-04-21 15:50:37,833 [INFO] Loading MeTTa library from /content/PeTTaChainer/pettachainer/metta/petta_chainer.metta
Not specialized DistMap2Formula_Spec_[+]/4
Not specialized DistMapFormula_Spec_[partial(lambda_12,[_57688])]/3
Processed 30 / 203 examples:  15% 30/203 [12:23<34:59, 12.14s/it]2026-04-21 15:50:56,753 [INFO] Loading MeTTa library from /content/PeTTaChainer/pettachainer/metta/petta_chainer.metta
Not specialized DistMap2Formula_Spec_[+]/4
Not specialized DistMapFormula_Spec_[partial(lambda_12,[_57688])]/3
2026-04-21 15:51:05,743 [INFO] Loading MeTTa library from /content/PeTTaChainer/pettachainer/metta/petta_chainer.metta
Not specialized DistMap2Formula_Spec_[+]/4
Not specialized DistMapFormula_Spec_[partial(lambda_12,[_57688])]/3
2026-04-21 15:51:13,959 [INFO] Loading MeTTa library from /content/PeTTaChainer/pettachainer/metta/petta_chainer.metta
Not specialized DistMap2Formula_Spec_[+]/4
Not specialized DistMapFormula_Spec_[partial(lambda_12,[_57688])]/3
Processed 31 / 203 examples:  15% 31/203 [12:49<46:37, 16.27s/it]2026-04-21 15:51:47,262 [INFO] Loading MeTTa library from /content/PeTTaChainer/pettachainer/metta/petta_chainer.metta
Not specialized DistMap2Formula_Spec_[+]/4
Not specialized DistMapFormula_Spec_[partial(lambda_12,[_57688])]/3
2026-04-21 15:51:56,431 [INFO] Loading MeTTa library from /content/PeTTaChainer/pettachainer/metta/petta_chainer.metta
Not specialized DistMap2Formula_Spec_[+]/4
Not specialized DistMapFormula_Spec_[partial(lambda_12,[_57688])]/3
Processed 32 / 203 examples:  16% 32/203 [13:57<1:30:22, 31.71s/it]2026-04-21 15:52:30,728 [INFO] Loading MeTTa library from /content/PeTTaChainer/pettachainer/metta/petta_chainer.metta
Not specialized DistMap2Formula_Spec_[+]/4
Not specialized DistMapFormula_Spec_[partial(lambda_12,[_57688])]/3
Processed 33 / 203 examples:  16% 33/203 [14:06<1:10:27, 24.87s/it]2026-04-21 15:52:44,034 [INFO] Loading MeTTa library from /content/PeTTaChainer/pettachainer/metta/petta_chainer.metta
Not specialized DistMap2Formula_Spec_[+]/4
Not specialized DistMapFormula_Spec_[partial(lambda_12,[_57688])]/3
Processed 34 / 203 examples:  17% 34/203 [14:37<1:15:28, 26.79s/it]2026-04-21 15:53:07,204 [INFO] Loading MeTTa library from /content/PeTTaChainer/pettachainer/metta/petta_chainer.metta
Not specialized DistMap2Formula_Spec_[+]/4
Not specialized DistMapFormula_Spec_[partial(lambda_12,[_57688])]/3
Processed 35 / 203 examples:  17% 35/203 [14:43<57:25, 20.51s/it]  2026-04-21 15:53:13,846 [INFO] Loading MeTTa library from /content/PeTTaChainer/pettachainer/metta/petta_chainer.metta
Processed 37 / 203 examples:  18% 37/203 [14:55<36:13, 13.09s/it]2026-04-21 15:53:31,059 [INFO] Loading MeTTa library from /content/PeTTaChainer/pettachainer/metta/petta_chainer.metta
Processed 38 / 203 examples:  19% 38/203 [15:05<33:31, 12.19s/it]2026-04-21 15:53:33,740 [INFO] Loading MeTTa library from /content/PeTTaChainer/pettachainer/metta/petta_chainer.metta
Not specialized DistMap2Formula_Spec_[+]/4
Not specialized DistMapFormula_Spec_[partial(lambda_12,[_57688])]/3
Processed 41 / 203 examples:  20% 40/203 [15:23<30:25, 11.20s/it]2026-04-21 15:54:11,126 [INFO] Loading MeTTa library from /content/PeTTaChainer/pettachainer/metta/petta_chainer.metta
Processed 42 / 203 examples:  21% 42/203 [15:45<29:44, 11.09s/it]2026-04-21 15:54:13,978 [INFO] Loading MeTTa library from /content/PeTTaChainer/pettachainer/metta/petta_chainer.metta
Not specialized DistMap2Formula_Spec_[+]/4
Not specialized DistMapFormula_Spec_[partial(lambda_12,[_57688])]/3
Processed 43 / 203 examples:  21% 43/203 [15:48<24:23,  9.15s/it]2026-04-21 15:54:24,128 [INFO] Loading MeTTa library from /content/PeTTaChainer/pettachainer/metta/petta_chainer.metta
Not specialized DistMap2Formula_Spec_[+]/4
Not specialized DistMapFormula_Spec_[partial(lambda_12,[_57688])]/3
2026-04-21 15:54:31,423 [INFO] Loading MeTTa library from /content/PeTTaChainer/pettachainer/metta/petta_chainer.metta
Not specialized DistMap2Formula_Spec_[+]/4
Not specialized DistMapFormula_Spec_[partial(lambda_12,[_57688])]/3
Processed 48 / 203 examples:  24% 48/203 [16:28<18:16,  7.07s/it]2026-04-21 15:55:12,816 [INFO] Loading MeTTa library from /content/PeTTaChainer/pettachainer/metta/petta_chainer.metta
Not specialized DistMap2Formula_Spec_[+]/4
Not specialized DistMapFormula_Spec_[partial(lambda_12,[_57688])]/3
2026-04-21 15:55:43,305 [INFO] Loading MeTTa library from /content/PeTTaChainer/pettachainer/metta/petta_chainer.metta
Not specialized DistMap2Formula_Spec_[+]/4
Not specialized DistMapFormula_Spec_[partial(lambda_12,[_57688])]/3
Processed 50 / 203 examples:  25% 50/203 [17:22<36:38, 14.37s/it]2026-04-21 15:55:53,669 [INFO] Loading MeTTa library from /content/PeTTaChainer/pettachainer/metta/petta_chainer.metta
Not specialized DistMap2Formula_Spec_[+]/4
Not specialized DistMapFormula_Spec_[partial(lambda_12,[_57688])]/3
2026-04-21 15:56:02,615 [INFO] Loading MeTTa library from /content/PeTTaChainer/pettachainer/metta/petta_chainer.metta
Not specialized DistMap2Formula_Spec_[+]/4
Not specialized DistMapFormula_Spec_[partial(lambda_12,[_57688])]/3
Processed 52 / 203 examples:  26% 52/203 [17:38<26:57, 10.71s/it]2026-04-21 15:56:11,778 [INFO] Loading MeTTa library from /content/PeTTaChainer/pettachainer/metta/petta_chainer.metta
Not specialized DistMap2Formula_Spec_[+]/4
Not specialized DistMapFormula_Spec_[partial(lambda_12,[_57688])]/3
Processed 53 / 203 examples:  26% 53/203 [17:48<26:20, 10.54s/it]2026-04-21 15:56:19,365 [INFO] Loading MeTTa library from /content/PeTTaChainer/pettachainer/metta/petta_chainer.metta
Not specialized DistMap2Formula_Spec_[+]/4
Not specialized DistMapFormula_Spec_[partial(lambda_12,[_57688])]/3
Processed 59 / 203 examples:  29% 59/203 [18:57<26:03, 10.86s/it]2026-04-21 15:58:03,867 [INFO] Loading MeTTa library from /content/PeTTaChainer/pettachainer/metta/petta_chainer.metta
Not specialized DistMap2Formula_Spec_[+]/4
Not specialized DistMapFormula_Spec_[partial(lambda_12,[_57688])]/3
2026-04-21 15:58:12,227 [INFO] Loading MeTTa library from /content/PeTTaChainer/pettachainer/metta/petta_chainer.metta
Not specialized DistMap2Formula_Spec_[+]/4
Not specialized DistMapFormula_Spec_[partial(lambda_12,[_57688])]/3
2026-04-21 15:58:19,970 [INFO] Loading MeTTa library from /content/PeTTaChainer/pettachainer/metta/petta_chainer.metta
Not specialized DistMap2Formula_Spec_[+]/4
Not specialized DistMapFormula_Spec_[partial(lambda_12,[_57688])]/3
2026-04-21 15:58:28,914 [INFO] Loading MeTTa library from /content/PeTTaChainer/pettachainer/metta/petta_chainer.metta
Not specialized DistMap2Formula_Spec_[+]/4
Not specialized DistMapFormula_Spec_[partial(lambda_12,[_57688])]/3
Processed 60 / 203 examples:  30% 60/203 [20:07<1:02:31, 26.23s/it]2026-04-21 15:59:40,596 [INFO] Loading MeTTa library from /content/PeTTaChainer/pettachainer/metta/petta_chainer.metta
Processed 62 / 203 examples:  31% 62/203 [21:18<1:05:32, 27.89s/it]2026-04-21 15:59:50,778 [INFO] Loading MeTTa library from /content/PeTTaChainer/pettachainer/metta/petta_chainer.metta
Not specialized DistMap2Formula_Spec_[+]/4
Not specialized DistMapFormula_Spec_[partial(lambda_12,[_57688])]/3
2026-04-21 16:00:00,561 [INFO] Loading MeTTa library from /content/PeTTaChainer/pettachainer/metta/petta_chainer.metta
Not specialized DistMap2Formula_Spec_[+]/4
Not specialized DistMapFormula_Spec_[partial(lambda_12,[_57688])]/3
Processed 63 / 203 examples:  31% 63/203 [21:41<1:02:17, 26.69s/it]2026-04-21 16:00:12,304 [INFO] Loading MeTTa library from /content/PeTTaChainer/pettachainer/metta/petta_chainer.metta
Processed 64 / 203 examples:  32% 64/203 [21:46<47:06, 20.33s/it]  2026-04-21 16:00:19,595 [INFO] Loading MeTTa library from /content/PeTTaChainer/pettachainer/metta/petta_chainer.metta
Not specialized DistMap2Formula_Spec_[+]/4
Not specialized DistMapFormula_Spec_[partial(lambda_12,[_57688])]/3
Processed 65 / 203 examples:  32% 65/203 [22:04<45:17, 19.69s/it]2026-04-21 16:00:38,364 [INFO] Loading MeTTa library from /content/PeTTaChainer/pettachainer/metta/petta_chainer.metta
Not specialized DistMap2Formula_Spec_[+]/4
Not specialized DistMapFormula_Spec_[partial(lambda_12,[_57688])]/3
Processed 69 / 203 examples:  34% 69/203 [22:35<21:29,  9.62s/it]2026-04-21 16:01:34,502 [INFO] Loading MeTTa library from /content/PeTTaChainer/pettachainer/metta/petta_chainer.metta
Processed 70 / 203 examples:  34% 70/203 [23:08<37:02, 16.71s/it]2026-04-21 16:01:37,768 [INFO] Loading MeTTa library from /content/PeTTaChainer/pettachainer/metta/petta_chainer.metta
Processed 71 / 203 examples:  35% 71/203 [23:12<27:54, 12.69s/it]2026-04-21 16:01:45,594 [INFO] Loading MeTTa library from /content/PeTTaChainer/pettachainer/metta/petta_chainer.metta
Not specialized DistMap2Formula_Spec_[+]/4
Not specialized DistMapFormula_Spec_[partial(lambda_12,[_57688])]/3
2026-04-21 16:01:57,412 [INFO] Loading MeTTa library from /content/PeTTaChainer/pettachainer/metta/petta_chainer.metta
Not specialized DistMap2Formula_Spec_[+]/4
Not specialized DistMapFormula_Spec_[partial(lambda_12,[_57688])]/3
Processed 73 / 203 examples:  36% 73/203 [23:45<29:22, 13.56s/it]2026-04-21 16:02:16,921 [INFO] Loading MeTTa library from /content/PeTTaChainer/pettachainer/metta/petta_chainer.metta
Not specialized DistMap2Formula_Spec_[+]/4
Not specialized DistMapFormula_Spec_[partial(lambda_12,[_57688])]/3
Processed 74 / 203 examples:  36% 74/203 [23:56<27:24, 12.75s/it]2026-04-21 16:02:30,988 [INFO] Loading MeTTa library from /content/PeTTaChainer/pettachainer/metta/petta_chainer.metta
Not specialized DistMap2Formula_Spec_[+]/4
Not specialized DistMapFormula_Spec_[partial(lambda_12,[_57688])]/3
Processed 76 / 203 examples:  37% 76/203 [24:20<25:00, 11.82s/it]2026-04-21 16:02:47,278 [INFO] Loading MeTTa library from /content/PeTTaChainer/pettachainer/metta/petta_chainer.metta
Not specialized DistMap2Formula_Spec_[+]/4
Not specialized DistMapFormula_Spec_[partial(lambda_12,[_57688])]/3
Processed 77 / 203 examples:  38% 77/203 [24:46<33:34, 15.99s/it]2026-04-21 16:03:18,684 [INFO] Loading MeTTa library from /content/PeTTaChainer/pettachainer/metta/petta_chainer.metta
Not specialized DistMap2Formula_Spec_[+]/4
Not specialized DistMapFormula_Spec_[partial(lambda_12,[_57688])]/3
Processed 78 / 203 examples:  38% 78/203 [24:54<28:19, 13.60s/it]2026-04-21 16:03:32,215 [INFO] Loading MeTTa library from /content/PeTTaChainer/pettachainer/metta/petta_chainer.metta
Not specialized DistMap2Formula_Spec_[+]/4
Not specialized DistMapFormula_Spec_[partial(lambda_12,[_57688])]/3
2026-04-21 16:03:42,157 [INFO] Loading MeTTa library from /content/PeTTaChainer/pettachainer/metta/petta_chainer.metta
Not specialized DistMap2Formula_Spec_[+]/4
Not specialized DistMapFormula_Spec_[partial(lambda_12,[_57688])]/3
Processed 79 / 203 examples:  39% 79/203 [25:17<34:15, 16.57s/it]2026-04-21 16:03:47,546 [INFO] Loading MeTTa library from /content/PeTTaChainer/pettachainer/metta/petta_chainer.metta
Not specialized DistMap2Formula_Spec_[+]/4
Not specialized DistMapFormula_Spec_[partial(lambda_12,[_57688])]/3
Processed 80 / 203 examples:  39% 80/203 [25:23<27:17, 13.32s/it]2026-04-21 16:04:16,781 [INFO] Loading MeTTa library from /content/PeTTaChainer/pettachainer/metta/petta_chainer.metta
Not specialized DistMap2Formula_Spec_[+]/4
Not specialized DistMapFormula_Spec_[partial(lambda_12,[_57688])]/3
2026-04-21 16:04:27,805 [INFO] Loading MeTTa library from /content/PeTTaChainer/pettachainer/metta/petta_chainer.metta
Processed 82 / 203 examples:  40% 82/203 [26:04<31:06, 15.42s/it]2026-04-21 16:04:45,075 [INFO] Loading MeTTa library from /content/PeTTaChainer/pettachainer/metta/petta_chainer.metta
Not specialized DistMap2Formula_Spec_[+]/4
Not specialized DistMapFormula_Spec_[partial(lambda_12,[_57688])]/3
Processed 83 / 203 examples:  41% 83/203 [26:20<31:03, 15.53s/it]2026-04-21 16:04:57,390 [INFO] Loading MeTTa library from /content/PeTTaChainer/pettachainer/metta/petta_chainer.metta
Not specialized DistMap2Formula_Spec_[+]/4
Not specialized DistMapFormula_Spec_[partial(lambda_12,[_57688])]/3
Processed 87 / 203 examples:  43% 87/203 [26:52<16:54,  8.75s/it]2026-04-21 16:05:20,767 [INFO] Loading MeTTa library from /content/PeTTaChainer/pettachainer/metta/petta_chainer.metta
Processed 88 / 203 examples:  43% 88/203 [26:55<12:57,  6.76s/it]2026-04-21 16:06:00,795 [INFO] Loading MeTTa library from /content/PeTTaChainer/pettachainer/metta/petta_chainer.metta
Not specialized DistMap2Formula_Spec_[+]/4
Not specialized DistMapFormula_Spec_[partial(lambda_12,[_57688])]/3
Processed 89 / 203 examples:  44% 89/203 [27:54<42:54, 22.59s/it]2026-04-21 16:06:32,568 [INFO] Loading MeTTa library from /content/PeTTaChainer/pettachainer/metta/petta_chainer.metta
Not specialized DistMap2Formula_Spec_[+]/4
Not specialized DistMapFormula_Spec_[partial(lambda_12,[_57688])]/3
Processed 90 / 203 examples:  44% 90/203 [28:32<51:24, 27.30s/it]2026-04-21 16:07:05,347 [INFO] Loading MeTTa library from /content/PeTTaChainer/pettachainer/metta/petta_chainer.metta
Not specialized DistMap2Formula_Spec_[+]/4
Not specialized DistMapFormula_Spec_[partial(lambda_12,[_57688])]/3
2026-04-21 16:07:21,999 [INFO] Loading MeTTa library from /content/PeTTaChainer/pettachainer/metta/petta_chainer.metta
Not specialized DistMap2Formula_Spec_[+]/4
Not specialized DistMapFormula_Spec_[partial(lambda_12,[_57688])]/3
Processed 92 / 203 examples:  45% 92/203 [29:07<38:16, 20.69s/it]2026-04-21 16:07:36,460 [INFO] Loading MeTTa library from /content/PeTTaChainer/pettachainer/metta/petta_chainer.metta
Not specialized DistMap2Formula_Spec_[+]/4
Not specialized DistMapFormula_Spec_[partial(lambda_12,[_57688])]/3
Processed 93 / 203 examples:  46% 93/203 [29:10<28:28, 15.53s/it]2026-04-21 16:07:58,179 [INFO] Loading MeTTa library from /content/PeTTaChainer/pettachainer/metta/petta_chainer.metta
Not specialized DistMap2Formula_Spec_[+]/4
Not specialized DistMapFormula_Spec_[partial(lambda_12,[_57688])]/3
Processed 94 / 203 examples:  46% 94/203 [30:11<52:51, 29.10s/it]2026-04-21 16:08:45,238 [INFO] Loading MeTTa library from /content/PeTTaChainer/pettachainer/metta/petta_chainer.metta
Not specialized DistMap2Formula_Spec_[+]/4
Not specialized DistMapFormula_Spec_[partial(lambda_12,[_57688])]/3
Processed 99 / 203 examples:  49% 99/203 [30:48<16:54,  9.75s/it]2026-04-21 16:09:40,410 [INFO] Loading MeTTa library from /content/PeTTaChainer/pettachainer/metta/petta_chainer.metta
Not specialized DistMap2Formula_Spec_[+]/4
Not specialized DistMapFormula_Spec_[partial(lambda_12,[_57688])]/3
2026-04-21 16:09:49,944 [INFO] Loading MeTTa library from /content/PeTTaChainer/pettachainer/metta/petta_chainer.metta
Not specialized DistMap2Formula_Spec_[+]/4
Not specialized DistMapFormula_Spec_[partial(lambda_12,[_57688])]/3
2026-04-21 16:10:37,321 [INFO] Loading MeTTa library from /content/PeTTaChainer/pettachainer/metta/petta_chainer.metta
Not specialized DistMap2Formula_Spec_[+]/4
Not specialized DistMapFormula_Spec_[partial(lambda_12,[_57688])]/3
Processed 100 / 203 examples:  49% 100/203 [32:14<56:08, 32.70s/it]2026-04-21 16:10:58,767 [INFO] Loading MeTTa library from /content/PeTTaChainer/pettachainer/metta/petta_chainer.metta
Not specialized DistMap2Formula_Spec_[+]/4
Not specialized DistMapFormula_Spec_[partial(lambda_12,[_57688])]/3
2026-04-21 16:11:25,305 [INFO] Loading MeTTa library from /content/PeTTaChainer/pettachainer/metta/petta_chainer.metta
Not specialized DistMap2Formula_Spec_[+]/4
Not specialized DistMapFormula_Spec_[partial(lambda_12,[_57688])]/3
Processed 101 / 203 examples:  50% 101/203 [33:04<1:04:15, 37.80s/it]2026-04-21 16:11:36,423 [INFO] Loading MeTTa library from /content/PeTTaChainer/pettachainer/metta/petta_chainer.metta
Processed 103 / 203 examples:  51% 103/203 [33:14<34:57, 20.97s/it]2026-04-21 16:11:45,811 [INFO] Loading MeTTa library from /content/PeTTaChainer/pettachainer/metta/petta_chainer.metta
Not specialized DistMap2Formula_Spec_[+]/4
Not specialized DistMapFormula_Spec_[partial(lambda_12,[_57688])]/3
Processed 104 / 203 examples:  51% 104/203 [33:20<27:27, 16.64s/it]2026-04-21 16:11:54,683 [INFO] Loading MeTTa library from /content/PeTTaChainer/pettachainer/metta/petta_chainer.metta
Not specialized DistMap2Formula_Spec_[+]/4
Not specialized DistMapFormula_Spec_[partial(lambda_12,[_57688])]/3
Processed 106 / 203 examples:  52% 106/203 [33:34<18:25, 11.40s/it]2026-04-21 16:12:59,135 [INFO] Loading MeTTa library from /content/PeTTaChainer/pettachainer/metta/petta_chainer.metta
Not specialized DistMap2Formula_Spec_[+]/4
Not specialized DistMapFormula_Spec_[partial(lambda_12,[_57688])]/3
Processed 108 / 203 examples:  53% 108/203 [34:50<34:11, 21.60s/it]2026-04-21 16:13:22,709 [INFO] Loading MeTTa library from /content/PeTTaChainer/pettachainer/metta/petta_chainer.metta
Not specialized DistMap2Formula_Spec_[+]/4
Not specialized DistMapFormula_Spec_[partial(lambda_12,[_57688])]/3
2026-04-21 16:13:31,270 [INFO] Loading MeTTa library from /content/PeTTaChainer/pettachainer/metta/petta_chainer.metta
Not specialized DistMap2Formula_Spec_[+]/4
Not specialized DistMapFormula_Spec_[partial(lambda_12,[_57688])]/3
Processed 110 / 203 examples:  54% 110/203 [35:07<22:24, 14.46s/it]2026-04-21 16:13:41,622 [INFO] Loading MeTTa library from /content/PeTTaChainer/pettachainer/metta/petta_chainer.metta
Not specialized DistMap2Formula_Spec_[+]/4
Not specialized DistMapFormula_Spec_[partial(lambda_12,[_57688])]/3
Processed 112 / 203 examples:  55% 111/203 [35:16<19:39, 12.82s/it]2026-04-21 16:14:01,137 [INFO] Loading MeTTa library from /content/PeTTaChainer/pettachainer/metta/petta_chainer.metta
Not specialized DistMap2Formula_Spec_[+]/4
Not specialized DistMapFormula_Spec_[partial(lambda_12,[_57688])]/3
2026-04-21 16:14:09,959 [INFO] Loading MeTTa library from /content/PeTTaChainer/pettachainer/metta/petta_chainer.metta
Not specialized DistMap2Formula_Spec_[+]/4
Not specialized DistMapFormula_Spec_[partial(lambda_12,[_57688])]/3
2026-04-21 16:14:21,907 [INFO] Loading MeTTa library from /content/PeTTaChainer/pettachainer/metta/petta_chainer.metta
Not specialized DistMap2Formula_Spec_[+]/4
Not specialized DistMapFormula_Spec_[partial(lambda_12,[_57688])]/3
2026-04-21 16:14:32,352 [INFO] Loading MeTTa library from /content/PeTTaChainer/pettachainer/metta/petta_chainer.metta
Not specialized DistMap2Formula_Spec_[+]/4
Not specialized DistMapFormula_Spec_[partial(lambda_12,[_57688])]/3
Processed 113 / 203 examples:  56% 113/203 [36:07<27:49, 18.55s/it]2026-04-21 16:14:38,677 [INFO] Loading MeTTa library from /content/PeTTaChainer/pettachainer/metta/petta_chainer.metta
Not specialized DistMap2Formula_Spec_[+]/4
Not specialized DistMapFormula_Spec_[partial(lambda_12,[_57688])]/3
Processed 114 / 203 examples:  56% 114/203 [36:13<23:03, 15.54s/it]2026-04-21 16:14:52,910 [INFO] Loading MeTTa library from /content/PeTTaChainer/pettachainer/metta/petta_chainer.metta
Not specialized DistMap2Formula_Spec_[+]/4
Not specialized DistMapFormula_Spec_[partial(lambda_12,[_57688])]/3
Processed 116 / 203 examples:  57% 116/203 [36:39<19:43, 13.60s/it]2026-04-21 16:15:06,940 [INFO] Loading MeTTa library from /content/PeTTaChainer/pettachainer/metta/petta_chainer.metta
Not specialized DistMap2Formula_Spec_[+]/4
Not specialized DistMapFormula_Spec_[partial(lambda_12,[_57688])]/3
Processed 117 / 203 examples:  58% 117/203 [36:42<15:28, 10.80s/it]2026-04-21 16:15:48,507 [INFO] Loading MeTTa library from /content/PeTTaChainer/pettachainer/metta/petta_chainer.metta
Not specialized DistMap2Formula_Spec_[+]/4
Not specialized DistMapFormula_Spec_[partial(lambda_12,[_57688])]/3
Processed 119 / 203 examples:  59% 119/203 [37:30<22:05, 15.78s/it]2026-04-21 16:16:00,081 [INFO] Loading MeTTa library from /content/PeTTaChainer/pettachainer/metta/petta_chainer.metta
Processed 120 / 203 examples:  59% 120/203 [37:34<16:52, 12.20s/it]2026-04-21 16:16:31,028 [INFO] Loading MeTTa library from /content/PeTTaChainer/pettachainer/metta/petta_chainer.metta
Not specialized DistMap2Formula_Spec_[+]/4
Not specialized DistMapFormula_Spec_[partial(lambda_12,[_57688])]/3
Processed 121 / 203 examples:  60% 121/203 [38:06<24:39, 18.04s/it]2026-04-21 16:16:40,817 [INFO] Loading MeTTa library from /content/PeTTaChainer/pettachainer/metta/petta_chainer.metta
Not specialized DistMap2Formula_Spec_[+]/4
Not specialized DistMapFormula_Spec_[partial(lambda_12,[_57688])]/3
2026-04-21 16:16:48,589 [INFO] Loading MeTTa library from /content/PeTTaChainer/pettachainer/metta/petta_chainer.metta
Not specialized DistMap2Formula_Spec_[+]/4
Not specialized DistMapFormula_Spec_[partial(lambda_12,[_57688])]/3
2026-04-21 16:16:57,366 [INFO] Loading MeTTa library from /content/PeTTaChainer/pettachainer/metta/petta_chainer.metta
Not specialized DistMap2Formula_Spec_[+]/4
Not specialized DistMapFormula_Spec_[partial(lambda_12,[_57688])]/3
Processed 122 / 203 examples:  60% 122/203 [38:39<30:34, 22.64s/it]2026-04-21 16:17:33,982 [INFO] Loading MeTTa library from /content/PeTTaChainer/pettachainer/metta/petta_chainer.metta
Not specialized DistMap2Formula_Spec_[+]/4
Not specialized DistMapFormula_Spec_[partial(lambda_12,[_57688])]/3
Processed 124 / 203 examples:  61% 124/203 [39:28<29:43, 22.58s/it]2026-04-21 16:18:01,366 [INFO] Loading MeTTa library from /content/PeTTaChainer/pettachainer/metta/petta_chainer.metta
Not specialized DistMap2Formula_Spec_[+]/4
Not specialized DistMapFormula_Spec_[partial(lambda_12,[_57688])]/3
Processed 125 / 203 examples:  62% 125/203 [39:36<23:41, 18.22s/it]2026-04-21 16:18:15,015 [INFO] Loading MeTTa library from /content/PeTTaChainer/pettachainer/metta/petta_chainer.metta
Not specialized DistMap2Formula_Spec_[+]/4
Not specialized DistMapFormula_Spec_[partial(lambda_12,[_57688])]/3
2026-04-21 16:18:31,284 [INFO] Loading MeTTa library from /content/PeTTaChainer/pettachainer/metta/petta_chainer.metta
Not specialized DistMap2Formula_Spec_[+]/4
Not specialized DistMapFormula_Spec_[partial(lambda_12,[_57688])]/3
Processed 129 / 203 examples:  64% 129/203 [40:17<11:27,  9.29s/it]2026-04-21 16:18:50,333 [INFO] Loading MeTTa library from /content/PeTTaChainer/pettachainer/metta/petta_chainer.metta
Not specialized DistMap2Formula_Spec_[+]/4
Not specialized DistMapFormula_Spec_[partial(lambda_12,[_57688])]/3
Processed 131 / 203 examples:  65% 131/203 [40:37<10:40,  8.90s/it]2026-04-21 16:19:23,320 [INFO] Loading MeTTa library from /content/PeTTaChainer/pettachainer/metta/petta_chainer.metta
Not specialized DistMap2Formula_Spec_[+]/4
Not specialized DistMapFormula_Spec_[partial(lambda_12,[_57688])]/3
2026-04-21 16:19:33,774 [INFO] Loading MeTTa library from /content/PeTTaChainer/pettachainer/metta/petta_chainer.metta
Not specialized DistMap2Formula_Spec_[+]/4
Not specialized DistMapFormula_Spec_[partial(lambda_12,[_57688])]/3
Processed 135 / 203 examples:  67% 135/203 [41:25<09:31,  8.41s/it]2026-04-21 16:20:17,593 [INFO] Loading MeTTa library from /content/PeTTaChainer/pettachainer/metta/petta_chainer.metta
Not specialized DistMap2Formula_Spec_[+]/4
Not specialized DistMapFormula_Spec_[partial(lambda_12,[_57688])]/3
Processed 136 / 203 examples:  67% 136/203 [42:23<25:50, 23.14s/it]2026-04-21 16:20:51,704 [INFO] Loading MeTTa library from /content/PeTTaChainer/pettachainer/metta/petta_chainer.metta
Not specialized DistMap2Formula_Spec_[+]/4
Not specialized DistMapFormula_Spec_[partial(lambda_12,[_57688])]/3
Processed 139 / 203 examples:  68% 139/203 [42:36<11:18, 10.60s/it]2026-04-21 16:21:14,507 [INFO] Loading MeTTa library from /content/PeTTaChainer/pettachainer/metta/petta_chainer.metta
Not specialized DistMap2Formula_Spec_[+]/4
Not specialized DistMapFormula_Spec_[partial(lambda_12,[_57688])]/3
2026-04-21 16:21:28,688 [INFO] Loading MeTTa library from /content/PeTTaChainer/pettachainer/metta/petta_chainer.metta
Not specialized DistMap2Formula_Spec_[+]/4
Not specialized DistMapFormula_Spec_[partial(lambda_12,[_57688])]/3
2026-04-21 16:21:37,532 [INFO] Loading MeTTa library from /content/PeTTaChainer/pettachainer/metta/petta_chainer.metta
Not specialized DistMap2Formula_Spec_[+]/4
Not specialized DistMapFormula_Spec_[partial(lambda_12,[_57688])]/3
Processed 141 / 203 examples:  69% 141/203 [43:30<18:35, 17.99s/it]2026-04-21 16:22:03,945 [INFO] Loading MeTTa library from /content/PeTTaChainer/pettachainer/metta/petta_chainer.metta
Not specialized DistMap2Formula_Spec_[+]/4
Not specialized DistMapFormula_Spec_[partial(lambda_12,[_57688])]/3
Processed 143 / 203 examples:  70% 143/203 [43:49<12:54, 12.91s/it]2026-04-21 16:22:25,009 [INFO] Loading MeTTa library from /content/PeTTaChainer/pettachainer/metta/petta_chainer.metta
Not specialized DistMap2Formula_Spec_[+]/4
Not specialized DistMapFormula_Spec_[partial(lambda_12,[_57688])]/3
2026-04-21 16:23:02,779 [INFO] Loading MeTTa library from /content/PeTTaChainer/pettachainer/metta/petta_chainer.metta
Not specialized DistMap2Formula_Spec_[+]/4
Not specialized DistMapFormula_Spec_[partial(lambda_12,[_57688])]/3
Processed 145 / 203 examples:  71% 145/203 [45:05<23:14, 24.03s/it]2026-04-21 16:23:39,636 [INFO] Loading MeTTa library from /content/PeTTaChainer/pettachainer/metta/petta_chainer.metta
Not specialized DistMap2Formula_Spec_[+]/4
Not specialized DistMapFormula_Spec_[partial(lambda_12,[_57688])]/3
2026-04-21 16:23:48,274 [INFO] Loading MeTTa library from /content/PeTTaChainer/pettachainer/metta/petta_chainer.metta
Not specialized DistMap2Formula_Spec_[+]/4
Not specialized DistMapFormula_Spec_[partial(lambda_12,[_57688])]/3
2026-04-21 16:23:57,014 [INFO] Loading MeTTa library from /content/PeTTaChainer/pettachainer/metta/petta_chainer.metta
Not specialized DistMap2Formula_Spec_[+]/4
Not specialized DistMapFormula_Spec_[partial(lambda_12,[_57688])]/3
2026-04-21 16:24:18,520 [INFO] Loading MeTTa library from /content/PeTTaChainer/pettachainer/metta/petta_chainer.metta
Not specialized DistMap2Formula_Spec_[+]/4
Not specialized DistMapFormula_Spec_[partial(lambda_12,[_57688])]/3
Processed 147 / 203 examples:  72% 147/203 [45:57<21:26, 22.97s/it]2026-04-21 16:25:23,391 [INFO] Loading MeTTa library from /content/PeTTaChainer/pettachainer/metta/petta_chainer.metta
Not specialized DistMap2Formula_Spec_[+]/4
Not specialized DistMapFormula_Spec_[partial(lambda_12,[_57688])]/3
Processed 152 / 203 examples:  75% 152/203 [47:32<10:34, 12.45s/it]2026-04-21 16:26:30,503 [INFO] Loading MeTTa library from /content/PeTTaChainer/pettachainer/metta/petta_chainer.metta
Not specialized DistMap2Formula_Spec_[+]/4
Not specialized DistMapFormula_Spec_[partial(lambda_12,[_57688])]/3
2026-04-21 16:26:57,475 [INFO] Loading MeTTa library from /content/PeTTaChainer/pettachainer/metta/petta_chainer.metta
Not specialized DistMap2Formula_Spec_[+]/4
Not specialized DistMapFormula_Spec_[partial(lambda_12,[_57688])]/3
Processed 153 / 203 examples:  75% 153/203 [48:40<24:12, 29.05s/it]2026-04-21 16:27:15,915 [INFO] Loading MeTTa library from /content/PeTTaChainer/pettachainer/metta/petta_chainer.metta
Not specialized DistMap2Formula_Spec_[+]/4
Not specialized DistMapFormula_Spec_[partial(lambda_12,[_57688])]/3
Processed 154 / 203 examples:  76% 154/203 [48:51<19:19, 23.66s/it]2026-04-21 16:27:20,726 [INFO] Loading MeTTa library from /content/PeTTaChainer/pettachainer/metta/petta_chainer.metta
Processed 156 / 203 examples:  77% 156/203 [49:01<11:17, 14.42s/it]2026-04-21 16:27:46,597 [INFO] Loading MeTTa library from /content/PeTTaChainer/pettachainer/metta/petta_chainer.metta
Not specialized DistMap2Formula_Spec_[+]/4
Not specialized DistMapFormula_Spec_[partial(lambda_12,[_57688])]/3
2026-04-21 16:28:02,113 [INFO] Loading MeTTa library from /content/PeTTaChainer/pettachainer/metta/petta_chainer.metta
Not specialized DistMap2Formula_Spec_[+]/4
Not specialized DistMapFormula_Spec_[partial(lambda_12,[_57688])]/3
2026-04-21 16:28:10,831 [INFO] Loading MeTTa library from /content/PeTTaChainer/pettachainer/metta/petta_chainer.metta
Not specialized DistMap2Formula_Spec_[+]/4
Not specialized DistMapFormula_Spec_[partial(lambda_12,[_57688])]/3
Processed 157 / 203 examples:  77% 157/203 [49:51<19:02, 24.84s/it]2026-04-21 16:28:41,295 [INFO] Loading MeTTa library from /content/PeTTaChainer/pettachainer/metta/petta_chainer.metta
Not specialized DistMap2Formula_Spec_[+]/4
Not specialized DistMapFormula_Spec_[partial(lambda_12,[_57688])]/3
2026-04-21 16:28:54,252 [INFO] Loading MeTTa library from /content/PeTTaChainer/pettachainer/metta/petta_chainer.metta
Not specialized DistMap2Formula_Spec_[+]/4
Not specialized DistMapFormula_Spec_[partial(lambda_12,[_57688])]/3
2026-04-21 16:29:03,202 [INFO] Loading MeTTa library from /content/PeTTaChainer/pettachainer/metta/petta_chainer.metta
Not specialized DistMap2Formula_Spec_[+]/4
Not specialized DistMapFormula_Spec_[partial(lambda_12,[_57688])]/3
Processed 158 / 203 examples:  78% 158/203 [50:51<26:41, 35.59s/it]2026-04-21 16:29:25,045 [INFO] Loading MeTTa library from /content/PeTTaChainer/pettachainer/metta/petta_chainer.metta
Not specialized DistMap2Formula_Spec_[+]/4
Not specialized DistMapFormula_Spec_[partial(lambda_12,[_57688])]/3
Processed 160 / 203 examples:  78% 159/203 [51:00<20:16, 27.65s/it]2026-04-21 16:29:33,479 [INFO] Loading MeTTa library from /content/PeTTaChainer/pettachainer/metta/petta_chainer.metta
Not specialized DistMap2Formula_Spec_[+]/4
Not specialized DistMapFormula_Spec_[partial(lambda_12,[_57688])]/3
Processed 164 / 203 examples:  81% 164/203 [51:24<05:53,  9.06s/it]2026-04-21 16:29:56,881 [INFO] Loading MeTTa library from /content/PeTTaChainer/pettachainer/metta/petta_chainer.metta
Not specialized DistMap2Formula_Spec_[+]/4
Not specialized DistMapFormula_Spec_[partial(lambda_12,[_57688])]/3
2026-04-21 16:30:22,720 [INFO] Loading MeTTa library from /content/PeTTaChainer/pettachainer/metta/petta_chainer.metta
Not specialized DistMap2Formula_Spec_[+]/4
Not specialized DistMapFormula_Spec_[partial(lambda_12,[_57688])]/3
Processed 166 / 203 examples:  82% 166/203 [52:09<08:59, 14.58s/it]2026-04-21 16:30:42,872 [INFO] Loading MeTTa library from /content/PeTTaChainer/pettachainer/metta/petta_chainer.metta
Not specialized DistMap2Formula_Spec_[+]/4
Not specialized DistMapFormula_Spec_[partial(lambda_12,[_57688])]/3
2026-04-21 16:30:51,031 [INFO] Loading MeTTa library from /content/PeTTaChainer/pettachainer/metta/petta_chainer.metta
Not specialized DistMap2Formula_Spec_[+]/4
Not specialized DistMapFormula_Spec_[partial(lambda_12,[_57688])]/3
Processed 169 / 203 examples:  83% 169/203 [52:36<05:36,  9.90s/it]2026-04-21 16:31:14,674 [INFO] Loading MeTTa library from /content/PeTTaChainer/pettachainer/metta/petta_chainer.metta
Not specialized DistMap2Formula_Spec_[+]/4
Not specialized DistMapFormula_Spec_[partial(lambda_12,[_57688])]/3
Processed 170 / 203 examples:  84% 170/203 [52:50<05:59, 10.89s/it]2026-04-21 16:31:23,239 [INFO] Loading MeTTa library from /content/PeTTaChainer/pettachainer/metta/petta_chainer.metta
Not specialized DistMap2Formula_Spec_[+]/4
Not specialized DistMapFormula_Spec_[partial(lambda_12,[_57688])]/3
2026-04-21 16:31:31,771 [INFO] Loading MeTTa library from /content/PeTTaChainer/pettachainer/metta/petta_chainer.metta
Not specialized DistMap2Formula_Spec_[+]/4
Not specialized DistMapFormula_Spec_[partial(lambda_12,[_57688])]/3
2026-04-21 16:31:40,426 [INFO] Loading MeTTa library from /content/PeTTaChainer/pettachainer/metta/petta_chainer.metta
Not specialized DistMap2Formula_Spec_[+]/4
Not specialized DistMapFormula_Spec_[partial(lambda_12,[_57688])]/3
Processed 171 / 203 examples:  84% 171/203 [53:36<11:30, 21.57s/it]2026-04-21 16:32:09,348 [INFO] Loading MeTTa library from /content/PeTTaChainer/pettachainer/metta/petta_chainer.metta
Not specialized DistMap2Formula_Spec_[+]/4
Not specialized DistMapFormula_Spec_[partial(lambda_12,[_57688])]/3
Processed 172 / 203 examples:  85% 172/203 [53:44<09:01, 17.47s/it]2026-04-21 16:32:29,106 [INFO] Loading MeTTa library from /content/PeTTaChainer/pettachainer/metta/petta_chainer.metta
Not specialized DistMap2Formula_Spec_[+]/4
Not specialized DistMapFormula_Spec_[partial(lambda_12,[_57688])]/3
2026-04-21 16:32:37,006 [INFO] Loading MeTTa library from /content/PeTTaChainer/pettachainer/metta/petta_chainer.metta
Not specialized DistMap2Formula_Spec_[+]/4
Not specialized DistMapFormula_Spec_[partial(lambda_12,[_57688])]/3
Processed 173 / 203 examples:  85% 173/203 [54:17<10:58, 21.94s/it]2026-04-21 16:32:49,731 [INFO] Loading MeTTa library from /content/PeTTaChainer/pettachainer/metta/petta_chainer.metta
Not specialized DistMap2Formula_Spec_[+]/4
Not specialized DistMapFormula_Spec_[partial(lambda_12,[_57688])]/3
Processed 174 / 203 examples:  86% 174/203 [54:25<08:36, 17.82s/it]2026-04-21 16:33:25,942 [INFO] Loading MeTTa library from /content/PeTTaChainer/pettachainer/metta/petta_chainer.metta
Not specialized DistMap2Formula_Spec_[+]/4
Not specialized DistMapFormula_Spec_[partial(lambda_12,[_57688])]/3
Processed 175 / 203 examples:  86% 175/203 [55:11<12:15, 26.28s/it]2026-04-21 16:33:39,141 [INFO] Loading MeTTa library from /content/PeTTaChainer/pettachainer/metta/petta_chainer.metta
Processed 177 / 203 examples:  87% 177/203 [55:33<08:20, 19.26s/it]2026-04-21 16:34:37,184 [INFO] Loading MeTTa library from /content/PeTTaChainer/pettachainer/metta/petta_chainer.metta
Not specialized DistMap2Formula_Spec_[+]/4
Not specialized DistMapFormula_Spec_[partial(lambda_12,[_57688])]/3
2026-04-21 16:34:49,995 [INFO] Loading MeTTa library from /content/PeTTaChainer/pettachainer/metta/petta_chainer.metta
Not specialized DistMap2Formula_Spec_[+]/4
Not specialized DistMapFormula_Spec_[partial(lambda_12,[_57688])]/3
Processed 179 / 203 examples:  88% 179/203 [57:20<13:56, 34.87s/it]2026-04-21 16:35:47,061 [INFO] Loading MeTTa library from /content/PeTTaChainer/pettachainer/metta/petta_chainer.metta
Not specialized DistMap2Formula_Spec_[+]/4
Not specialized DistMapFormula_Spec_[partial(lambda_12,[_57688])]/3
2026-04-21 16:35:56,149 [INFO] Loading MeTTa library from /content/PeTTaChainer/pettachainer/metta/petta_chainer.metta
Not specialized DistMap2Formula_Spec_[+]/4
Not specialized DistMapFormula_Spec_[partial(lambda_12,[_57688])]/3
2026-04-21 16:36:05,045 [INFO] Loading MeTTa library from /content/PeTTaChainer/pettachainer/metta/petta_chainer.metta
Not specialized DistMap2Formula_Spec_[+]/4
Not specialized DistMapFormula_Spec_[partial(lambda_12,[_57688])]/3
2026-04-21 16:36:25,560 [INFO] Loading MeTTa library from /content/PeTTaChainer/pettachainer/metta/petta_chainer.metta
Not specialized DistMap2Formula_Spec_[+]/4
Not specialized DistMapFormula_Spec_[partial(lambda_12,[_57688])]/3
2026-04-21 16:36:34,241 [INFO] Loading MeTTa library from /content/PeTTaChainer/pettachainer/metta/petta_chainer.metta
Not specialized DistMap2Formula_Spec_[+]/4
Not specialized DistMapFormula_Spec_[partial(lambda_12,[_57688])]/3
2026-04-21 16:36:43,032 [INFO] Loading MeTTa library from /content/PeTTaChainer/pettachainer/metta/petta_chainer.metta
Not specialized DistMap2Formula_Spec_[+]/4
Not specialized DistMapFormula_Spec_[partial(lambda_12,[_57688])]/3
2026-04-21 16:37:22,737 [INFO] Loading MeTTa library from /content/PeTTaChainer/pettachainer/metta/petta_chainer.metta
Not specialized DistMap2Formula_Spec_[+]/4
Not specialized DistMapFormula_Spec_[partial(lambda_12,[_57688])]/3
Processed 181 / 203 examples:  89% 181/203 [1:00:07<19:50, 54.12s/it]2026-04-21 16:38:39,676 [INFO] Loading MeTTa library from /content/PeTTaChainer/pettachainer/metta/petta_chainer.metta
Not specialized DistMap2Formula_Spec_[+]/4
Not specialized DistMapFormula_Spec_[partial(lambda_12,[_57688])]/3
Processed 183 / 203 examples:  90% 183/203 [1:00:43<11:44, 35.24s/it]2026-04-21 16:39:15,594 [INFO] Loading MeTTa library from /content/PeTTaChainer/pettachainer/metta/petta_chainer.metta
Not specialized DistMap2Formula_Spec_[+]/4
Not specialized DistMapFormula_Spec_[partial(lambda_12,[_57688])]/3
Processed 186 / 203 examples:  92% 186/203 [1:01:01<04:22, 15.47s/it]2026-04-21 16:39:33,214 [INFO] Loading MeTTa library from /content/PeTTaChainer/pettachainer/metta/petta_chainer.metta
Not specialized DistMap2Formula_Spec_[+]/4
Not specialized DistMapFormula_Spec_[partial(lambda_12,[_57688])]/3
2026-04-21 16:39:42,341 [INFO] Loading MeTTa library from /content/PeTTaChainer/pettachainer/metta/petta_chainer.metta
Not specialized DistMap2Formula_Spec_[+]/4
Not specialized DistMapFormula_Spec_[partial(lambda_12,[_57688])]/3
2026-04-21 16:39:49,335 [INFO] Loading MeTTa library from /content/PeTTaChainer/pettachainer/metta/petta_chainer.metta
Not specialized DistMap2Formula_Spec_[+]/4
Not specialized DistMapFormula_Spec_[partial(lambda_12,[_57688])]/3
2026-04-21 16:39:59,662 [INFO] Loading MeTTa library from /content/PeTTaChainer/pettachainer/metta/petta_chainer.metta
Not specialized DistMap2Formula_Spec_[+]/4
Not specialized DistMapFormula_Spec_[partial(lambda_12,[_57688])]/3
2026-04-21 16:40:08,473 [INFO] Loading MeTTa library from /content/PeTTaChainer/pettachainer/metta/petta_chainer.metta
Not specialized DistMap2Formula_Spec_[+]/4
Not specialized DistMapFormula_Spec_[partial(lambda_12,[_57688])]/3
Processed 188 / 203 examples:  93% 188/203 [1:02:01<05:14, 20.96s/it]2026-04-21 16:40:46,852 [INFO] Loading MeTTa library from /content/PeTTaChainer/pettachainer/metta/petta_chainer.metta
Not specialized DistMap2Formula_Spec_[+]/4
Not specialized DistMapFormula_Spec_[partial(lambda_12,[_57688])]/3
2026-04-21 16:40:55,773 [INFO] Loading MeTTa library from /content/PeTTaChainer/pettachainer/metta/petta_chainer.metta
Not specialized DistMap2Formula_Spec_[+]/4
Not specialized DistMapFormula_Spec_[partial(lambda_12,[_57688])]/3
Processed 193 / 203 examples:  95% 193/203 [1:02:53<01:31,  9.12s/it]2026-04-21 16:41:26,196 [INFO] Loading MeTTa library from /content/PeTTaChainer/pettachainer/metta/petta_chainer.metta
Not specialized DistMap2Formula_Spec_[+]/4
Not specialized DistMapFormula_Spec_[partial(lambda_12,[_57688])]/3
Processed 194 / 203 examples:  96% 194/203 [1:03:01<01:18,  8.76s/it]2026-04-21 16:41:37,814 [INFO] Loading MeTTa library from /content/PeTTaChainer/pettachainer/metta/petta_chainer.metta
Not specialized DistMap2Formula_Spec_[+]/4
Not specialized DistMapFormula_Spec_[partial(lambda_12,[_57688])]/3
2026-04-21 16:41:57,503 [INFO] Loading MeTTa library from /content/PeTTaChainer/pettachainer/metta/petta_chainer.metta
Not specialized DistMap2Formula_Spec_[+]/4
Not specialized DistMapFormula_Spec_[partial(lambda_12,[_57688])]/3
Processed 196 / 203 examples:  97% 196/203 [1:04:07<02:28, 21.21s/it]2026-04-21 16:42:56,675 [INFO] Loading MeTTa library from /content/PeTTaChainer/pettachainer/metta/petta_chainer.metta
Not specialized DistMap2Formula_Spec_[+]/4
Not specialized DistMapFormula_Spec_[partial(lambda_12,[_57688])]/3
2026-04-21 16:43:05,476 [INFO] Loading MeTTa library from /content/PeTTaChainer/pettachainer/metta/petta_chainer.metta
Not specialized DistMap2Formula_Spec_[+]/4
Not specialized DistMapFormula_Spec_[partial(lambda_12,[_57688])]/3
2026-04-21 16:43:34,615 [INFO] Loading MeTTa library from /content/PeTTaChainer/pettachainer/metta/petta_chainer.metta
Not specialized DistMap2Formula_Spec_[+]/4
Not specialized DistMapFormula_Spec_[partial(lambda_12,[_57688])]/3
Processed 198 / 203 examples:  98% 198/203 [1:05:16<02:06, 25.27s/it]2026-04-21 16:43:44,646 [INFO] Loading MeTTa library from /content/PeTTaChainer/pettachainer/metta/petta_chainer.metta
Not specialized DistMap2Formula_Spec_[+]/4
Not specialized DistMapFormula_Spec_[partial(lambda_12,[_57688])]/3
Processed 200 / 203 examples:  99% 200/203 [1:05:26<00:45, 15.03s/it]2026-04-21 16:43:57,935 [INFO] Loading MeTTa library from /content/PeTTaChainer/pettachainer/metta/petta_chainer.metta
Not specialized DistMap2Formula_Spec_[+]/4
Not specialized DistMapFormula_Spec_[partial(lambda_12,[_57688])]/3
Processed 202 / 203 examples: 100% 202/203 [1:05:45<00:11, 11.55s/it]2026-04-21 16:44:17,055 [INFO] Loading MeTTa library from /content/PeTTaChainer/pettachainer/metta/petta_chainer.metta
Not specialized DistMap2Formula_Spec_[+]/4
Not specialized DistMapFormula_Spec_[partial(lambda_12,[_57688])]/3
Processed 202 / 203 examples: 100% 203/203 [1:05:53<00:00, 10.52s/it]2026-04-21 16:44:25,355 [INFO] Loading MeTTa library from /content/PeTTaChainer/pettachainer/metta/petta_chainer.metta
Not specialized DistMap2Formula_Spec_[+]/4
Not specialized DistMapFormula_Spec_[partial(lambda_12,[_57688])]/3
Processed 203 / 203 examples: : 204it [1:06:00, 19.41s/it]
2026/04/21 16:44:26 INFO dspy.teleprompt.simba: Final trainset scores: [0.18289655172413793, 0.058195402298850576, 0.2031264367816092, 0.2510344827586207, 0.17544827586206896, 0.28890804597701153, 0.24220689655172414], Best: 0.28890804597701153 (at index 5)




